id_imagem,media_R,media_G,media_B,std_R,std_G,luminosidade,target
fire_0001.jpg,79.715904,44.881168,16.472176,54.385222344519136,37.093438435332146,52.058128976,1
fire_0002.jpg,74.560304,41.033456,18.169392,56.22450934803775,36.43317983234601,48.451480255999996,1
fire_0003.jpg,97.448416,45.203024,15.25208,53.51634138364602,38.11434183159174,57.409988592,1
fire_0004.jpg,130.346544,71.938128,18.10888,80.74036603370129,61.86581217324812,83.265710112,1
fire_0005.jpg,109.455648,91.243296,83.72656,50.88519534108222,51.648141951636404,95.831881344,1
fire_0006.jpg,133.8596,89.10496,55.078576,53.390160739971556,37.12595285509047,98.607589584,1
fire_0007.jpg,132.644496,72.781584,42.372592,65.05939859010368,44.89387724902967,87.2139696,1
fire_0008.jpg,58.886384,46.518048,38.55944,42.52229988376151,33.771539412198784,49.308899151999995,1
fire_0009.jpg,220.938848,113.616256,9.067168,42.47272522964469,35.08923807298277,133.787114976,1
fire_0010.jpg,162.449104,102.977776,99.004432,42.480063483911884,23.203483231916366,120.306741856,1
fire_0011.jpg,170.323296,101.416,79.128432,53.091735173154625,32.03165334477757,119.478498752,1
fire_0012.jpg,63.550096,46.986128,27.307488,44.7900496359491,28.67412686670016,49.695389472,1
fire_0013.jpg,110.028416,68.245776,32.355856,52.82750579509641,26.823115295539854,76.64733447999998,1
fire_0014.jpg,152.24792,59.869088,24.400816,72.22004923616156,32.187070417300426,83.44697575999999,1
fire_0015.jpg,170.68592,128.564992,114.132832,62.465981347879264,35.658637775999466,139.51388323199998,1
fire_0016.jpg,93.349744,83.105968,74.928496,44.73783328609539,26.402515993423354,85.236625216,1
fire_0017.jpg,130.997456,93.776304,64.95496,51.96982395128988,44.460688524803395,101.61979523199999,1
fire_0018.jpg,137.355456,89.71952,59.4512,74.40059883517111,46.931553084993894,100.51207638399998,1
fire_0019.jpg,158.282768,94.355904,9.019104,55.95803794146267,49.13066321904055,103.741641136,1
fire_0020.jpg,175.393664,112.359648,50.965856,57.06794102344244,58.858431352832504,124.207926496,1
fire_0021.jpg,211.394544,114.439856,11.526096,47.80947754401908,49.417615469579914,131.697139072,1
fire_0022.jpg,79.884976,45.653168,24.862336,69.90351934973964,65.73076804331268,53.51832374399999,1
fire_0023.jpg,120.062304,64.979808,42.760672,52.05420580713516,29.968563934281804,78.9164928,1
fire_0024.jpg,84.907696,60.018608,59.93784,74.7753437970805,55.29311557275767,67.45123775999998,1
fire_0025.jpg,172.703504,136.326688,100.048336,74.00610987021263,66.90584209880821,143.067623856,1
fire_0026.jpg,67.564752,24.27448,6.75752,76.15548021763433,36.21698525180692,35.221337887999994,1
fire_0027.jpg,96.077264,35.729056,10.109856,72.50980688344373,44.32244827791966,50.852581392,1
fire_0028.jpg,110.87784,59.724144,29.80392,90.24671218905651,53.150623547304356,71.60819356799999,1
fire_0029.jpg,113.485712,72.063696,45.01784,94.31963021478114,65.84519510806832,81.3656512,1
fire_0030.jpg,113.579856,58.806064,16.28712,88.51704183387098,66.64091887742774,70.336268192,1
fire_0031.jpg,147.9496,91.005328,57.157904,55.1109169932782,39.73370261644912,104.173058992,1
fire_0032.jpg,81.888544,47.272928,21.426144,62.780064555239704,43.44540084182462,54.676463808,1
fire_0033.jpg,89.527216,31.784336,6.876192,85.87755196376608,49.83501035456002,46.209928704,1
fire_0034.jpg,127.487664,39.593584,2.148512,45.42296044758756,19.641718713873896,61.605175712,1
fire_0035.jpg,225.103776,77.535872,1.490096,37.003620776105464,32.708635819911784,112.98945683199999,1
fire_0036.jpg,111.28192,86.9268,68.409024,68.17915770316908,48.87398131685202,92.097954416,1
fire_0037.jpg,92.64432,57.49192,37.491088,82.58002230405123,69.64011199526894,65.72239275199999,1
fire_0038.jpg,88.161552,55.344976,35.656336,82.45378242962111,69.9029378464126,62.912627264,1
fire_0039.jpg,150.705984,85.193872,41.158432,65.69970437217921,50.66957301623546,99.761953328,1
fire_0040.jpg,140.98968,69.005328,20.428624,64.9913264789818,44.31004061849205,84.990904992,1
fire_0041.jpg,167.748976,71.797696,27.933392,61.85930005222678,39.49108012059918,95.48659806399999,1
fire_0042.jpg,80.096928,46.10336,23.157872,69.24316974953426,64.24976068990763,53.6516512,1
fire_0043.jpg,134.294192,65.46608,42.732576,65.29086082345013,30.412417750543938,83.45406603199999,1
fire_0044.jpg,74.710336,40.263392,39.54808,52.991576073628,24.42465706318793,50.481482688,1
fire_0045.jpg,217.39744,101.273056,9.9564,60.09153119572176,54.966516065882004,125.58414803199999,1
fire_0046.jpg,82.824144,21.191792,6.756544,57.10710501038609,29.078375742615613,37.974246975999996,1
fire_0047.jpg,210.007776,134.510192,73.055632,49.05079721608838,55.479454720852615,150.078149776,1
fire_0048.jpg,132.41544,88.15176,36.337024,85.26208555745279,82.01210267333963,95.47972041599999,1
fire_0049.jpg,133.588288,64.15976,47.014336,75.62236365804137,56.57701070878878,82.964311536,1
fire_0050.jpg,122.189008,25.002576,13.08568,76.57628941112213,32.34949312376044,52.702793023999995,1
fire_0051.jpg,188.47128,127.617472,52.476576,58.823223909962636,72.87369045361443,137.24669844800002,1
fire_0052.jpg,150.955408,101.497296,87.114128,79.67790406099758,54.6494027843707,114.645590336,1
fire_0053.jpg,123.620608,78.917344,57.007616,70.67560528011299,47.353670353898266,89.785910944,1
fire_0054.jpg,156.166192,95.639488,55.873568,63.58681482995619,59.85361274892148,109.203657616,1
fire_0055.jpg,220.02416,138.700544,30.325984,51.645729119593234,59.32593407696219,150.66160534399998,1
fire_0056.jpg,151.540128,100.573424,83.419136,62.763090600635785,36.2076283801663,113.85687966399999,1
fire_0057.jpg,87.558464,48.235232,31.091392,47.902732343371646,24.48656566172921,58.03848060799999,1
fire_0058.jpg,124.537296,66.17776,44.972176,42.72991983386329,17.27469413281752,81.209824688,1
fire_0059.jpg,155.635472,67.499184,5.84504,45.21537861543588,38.42314280917354,86.82336169599999,1
fire_0060.jpg,152.27208,76.098528,25.052688,68.66460587867377,49.932070538214376,93.05519428799998,1
fire_0061.jpg,110.41536,88.154544,70.231632,50.44981494584891,41.91760990505141,92.76731601600001,1
fire_0062.jpg,196.450944,64.901056,2.64864,41.13028443262779,36.22389755513429,97.137697088,1
fire_0063.jpg,159.576464,117.496672,90.71576,50.995943615710296,41.56088282176422,127.02550584,1
fire_0064.jpg,174.962816,127.911984,100.703248,68.48933342755019,64.43591108367868,138.878386864,1
fire_0065.jpg,154.97848,96.368784,54.085712,63.1611561712545,51.890400021211484,109.072812896,1
fire_0066.jpg,92.33352,64.88912,65.279168,59.776070232239256,33.82002994714227,73.139461072,1
fire_0067.jpg,133.075472,65.642624,16.502064,87.41609947816944,58.187350329729085,80.20302171199998,1
fire_0068.jpg,158.55896,88.865616,59.359648,68.4980228307241,41.137795431215615,106.34024550399998,1
fire_0069.jpg,160.762864,81.705312,36.488048,61.475271699419956,50.126973886148924,100.18875195199999,1
fire_0070.jpg,80.632384,45.969744,19.55584,46.83558299494674,34.249251503857195,53.32268830399999,1
fire_0071.jpg,139.421808,97.26696,66.918464,53.761367970050166,37.27810483861003,106.41153100799998,1
fire_0072.jpg,140.26648,122.899376,113.971536,61.50287574097329,64.82905054688541,127.074366336,1
fire_0073.jpg,155.994464,70.515776,12.752544,62.99062763104289,59.35198321132853,89.48889526399999,1
fire_0074.jpg,71.334576,56.135968,91.019232,56.94263003146434,36.78944469141898,64.65704388799999,1
fire_0075.jpg,162.309024,97.839024,67.611536,79.62025707172405,66.59825744512708,113.669620368,1
fire_0076.jpg,127.180608,36.609264,11.868288,65.83618060573028,40.40136331088723,60.869624592,1
fire_0077.jpg,208.60232,126.587456,68.014352,39.577113116264556,47.987661575118075,144.43256648000002,1
fire_0078.jpg,142.579776,88.49944,29.196784,56.47954153310581,38.78755449479124,97.90895767999999,1
fire_0079.jpg,166.256848,147.084768,136.19432,27.584506903421275,14.383012702009825,151.57570884799998,1
fire_0080.jpg,145.9124,106.918768,71.571904,56.364153628347864,42.82964853185438,114.548321472,1
fire_0081.jpg,122.076176,62.111776,23.819744,79.80416654045717,49.23333913239914,75.67583995199999,1
fire_0082.jpg,190.084976,91.128688,20.438048,57.89694951445563,70.5868694829191,112.65788515199999,1
fire_0083.jpg,127.428944,122.448112,124.952832,61.57737499313253,53.141222978356986,124.22291884799999,1
fire_0084.jpg,122.367024,98.7608,80.072432,63.794299662143985,51.7324241782656,103.68858702399999,1
fire_0085.jpg,149.669904,110.200576,70.900528,60.616007494974326,47.24710828472176,117.52169959999999,1
fire_0086.jpg,158.167872,138.850864,119.073488,59.58348639507105,46.788195246808826,142.372028528,1
fire_0087.jpg,82.148496,80.246816,80.783072,44.50657134556631,41.916229337359816,80.87655150399999,1
fire_0088.jpg,40.524848,9.104752,1.996896,61.89598635272643,24.305309770058393,17.68906512,1
fire_0089.jpg,179.957296,85.970416,44.350352,76.08583584589437,58.1893519192897,109.327805824,1
fire_0090.jpg,118.476192,99.949264,77.14208,50.472843165202576,37.58472330426691,102.888796496,1
fire_0091.jpg,196.216576,124.880976,64.311856,31.35965622956068,18.302788238064274,139.30544072,1
fire_0092.jpg,121.564656,57.988784,37.691904,79.8744314258428,41.77477538181796,74.68412540799999,1
fire_0093.jpg,75.253392,45.24024,18.997552,64.43102035894152,48.38189244688968,51.222506016,1
fire_0094.jpg,73.978112,25.17336,12.967968,67.33606630116921,35.27207771467964,38.37456616,1
fire_0095.jpg,149.559728,74.431808,29.266688,68.26532918375196,40.08608703591729,91.7462324,1
fire_0096.jpg,171.839712,78.187536,36.060272,47.12810901953373,43.93628421076029,101.387028528,1
fire_0097.jpg,118.723136,45.61392,15.149296,74.57226821228856,62.825971176207055,64.000608448,1
fire_0098.jpg,168.999376,97.042944,25.597184,62.75686989972193,49.324467070743545,110.413100528,1
fire_0099.jpg,145.230032,74.783328,54.813104,47.94677179205056,32.662269321717616,93.57028696,1
fire_0100.jpg,109.900896,45.07392,23.245632,81.09675980208571,71.71689636224926,61.96876099199999,1
fire_0101.jpg,178.046544,148.940432,105.79672,98.0287456293105,106.08121335869691,152.72477632,1
fire_0102.jpg,189.068288,108.118096,16.272672,77.94863873570247,64.69194266162351,121.851825072,1
fire_0103.jpg,174.239072,79.958528,43.213888,46.45106978939039,36.509432097380206,103.959521696,1
fire_0104.jpg,137.832384,51.972816,13.478704,76.87083587991317,42.59936052372317,73.256498064,1
fire_0105.jpg,74.206096,28.491152,5.038192,32.83292841704474,18.461924539789884,39.486282816,1
fire_0106.jpg,95.090736,48.910576,44.267504,65.89121974116357,40.18044921785002,62.189133632,1
fire_0107.jpg,135.499472,123.059664,118.005888,42.887834169158225,33.872563649760906,126.203036128,1
fire_0108.jpg,186.66872,175.619472,175.193456,47.70717712841119,49.21010219905275,178.87463132800002,1
fire_0109.jpg,159.801104,79.749488,22.431952,85.08927984406252,45.20615758652637,97.15072207999998,1
fire_0110.jpg,125.864352,112.419232,110.103936,55.086632567439594,51.28815431003709,116.17537913599998,1
fire_0111.jpg,85.10184,53.130224,26.243344,74.511631820907,66.83718044404495,59.62463286399999,1
fire_0112.jpg,61.51376,26.143072,11.102,62.82076512318518,42.89586733477732,35.004225504,1
fire_0113.jpg,139.037568,101.118544,77.785568,66.91304324752669,42.63981514172011,109.79637291199998,1
fire_0114.jpg,132.887232,111.46616,93.213888,55.54624786048267,49.12323563095575,115.79030152000001,1
fire_0115.jpg,124.671712,86.281328,58.541344,59.53738915159998,52.42524466854128,94.59769463999999,1
fire_0116.jpg,140.76472,80.481232,42.6916,81.50618403116171,59.2106002651736,94.197976864,1
fire_0117.jpg,100.454208,75.483424,77.63304,58.84463502387228,29.00035084677811,83.19474463999998,1
fire_0118.jpg,129.550304,107.638688,112.54672,43.775167544026424,28.421047089061588,114.74977683200001,1
fire_0119.jpg,146.193888,109.592272,99.560096,49.145850276940536,26.66822134822673,119.39248711999998,1
fire_0120.jpg,115.4424,82.547088,67.076848,70.11758257555661,39.082725067736206,90.61917892799998,1
fire_0121.jpg,164.145904,65.389072,8.985664,63.15222985788217,51.893198619653575,88.48737625599999,1
fire_0122.jpg,223.087088,101.060464,3.425136,48.772976612877095,37.4668934408059,126.41599718399999,1
fire_0123.jpg,86.352,55.386864,26.531536,67.43365094668981,60.46180427547217,61.355932272,1
fire_0124.jpg,103.04208,67.195328,29.948704,72.79850254829147,64.12257829323784,73.66739171200001,1
fire_0125.jpg,175.710736,83.384304,14.472912,65.55792179697511,64.91512617591977,103.13400847999999,1
fire_0126.jpg,103.44944,55.935664,11.599264,74.3469889887035,41.8579701954013,65.087933424,1
fire_0127.jpg,101.154608,49.971248,27.54752,78.38150261615515,63.6607980261204,62.718767648,1
fire_0128.jpg,186.63936,84.372496,2.670448,72.47673802531679,60.2455571036569,105.636254864,1
fire_0129.jpg,161.40912,79.393568,24.740288,72.12801938792995,68.91616530415325,97.685744128,1
fire_0130.jpg,157.346336,58.174032,3.56416,60.004915693425524,24.411849599384638,81.601025488,1
fire_0131.jpg,152.958384,44.733216,12.685104,68.02330738878068,37.73508365297928,73.439056464,1
fire_0132.jpg,118.58504,67.99896,32.753616,80.72028771132075,57.21566931285869,79.106228704,1
fire_0133.jpg,116.454608,55.30328,18.159392,78.54779683457923,63.71111655936976,69.35312384,1
fire_0134.jpg,152.012048,89.128016,30.533232,71.7816972691904,63.086293502659856,101.250536192,1
fire_0135.jpg,132.3028,59.885888,9.328256,73.84328752269904,43.55557115285547,75.77497463999998,1
fire_0136.jpg,50.11304,12.288928,2.094272,68.87785506211993,30.52903209423476,22.436146704,1
fire_0137.jpg,131.379744,64.652752,30.962784,70.79755669862105,55.472159889682466,80.763466256,1
fire_0138.jpg,118.05912,104.367456,86.356352,48.14942318268828,43.09056639321493,106.40799768,1
fire_0139.jpg,119.0852,34.710432,7.968128,71.96364785751206,36.66427043285296,56.889864976,1
fire_0140.jpg,100.958048,35.475024,14.59328,70.74750732025613,45.28006996681238,52.67392936000001,1
fire_0141.jpg,111.618128,70.78952,23.284688,80.35025673745925,58.38787574633624,77.581722944,1
fire_0142.jpg,100.530064,55.241584,29.054224,68.34120917979067,45.0577175317497,65.79748047999999,1
fire_0143.jpg,84.130608,32.829744,6.785744,58.79936528186624,35.75590878294753,45.19968633599999,1
fire_0144.jpg,91.644928,44.551056,13.675008,82.97626670244219,60.5527853140123,55.112254256,1
fire_0145.jpg,115.764528,59.370064,29.382032,77.82512535767107,68.33125502020216,72.813373088,1
fire_0146.jpg,147.883392,122.715712,110.697408,78.72071911875764,48.91407368368592,128.87076166399999,1
fire_0147.jpg,58.901024,21.574128,17.280048,60.04801568537818,32.78953041810169,32.245344784,1
fire_0148.jpg,109.941984,101.086224,85.312896,53.46075100617035,43.60246311186816,101.93593684799998,1
fire_0149.jpg,119.455104,64.988672,26.933072,59.02937912894887,41.36273414169349,76.93579676799999,1
fire_0150.jpg,145.0048,54.373056,21.155088,81.9580000302594,41.49552454447183,77.68509910399999,1
fire_0151.jpg,63.117024,40.750416,51.31992,54.09022567325287,29.408955843874228,48.64295524799999,1
fire_0152.jpg,54.705232,32.297312,28.904496,42.570600275614815,30.272173717370478,38.610499056,1
fire_0153.jpg,87.236224,57.159712,56.47048,40.19263661694545,23.152049673345466,66.07401664000001,1
fire_0154.jpg,167.981728,125.814496,112.371248,66.36270219132142,51.570982114615425,136.889968096,1
fire_0155.jpg,60.069232,14.9024,19.125808,69.00561130031511,22.607046915508448,28.88875128,1
fire_0156.jpg,121.21336,94.961856,79.584848,55.672542869087636,33.6928163416961,101.05807678400001,1
fire_0157.jpg,191.041184,135.985104,49.918016,69.82666745505004,76.57858699472838,142.63522388799998,1
fire_0158.jpg,111.393136,85.731344,62.884736,62.09909387491499,53.06981032520904,90.799706496,1
fire_0159.jpg,166.105824,82.002688,11.730848,68.56781286639544,57.02430100206978,99.13853590399998,1
fire_0160.jpg,42.887296,39.441744,41.840128,33.51933128522083,13.55359193123594,40.745379824000004,1
fire_0161.jpg,24.818816,6.758928,2.427344,43.67059610719945,21.338775510577356,11.665033936,1
fire_0162.jpg,77.712816,12.446752,6.810064,65.58233473543119,24.20957621790386,31.318722704,1
fire_0163.jpg,135.808352,72.336192,34.67376,62.81556373259812,44.45720349886097,87.02085059199999,1
fire_0164.jpg,103.450304,20.419312,4.753056,78.06497259531693,39.368940059984546,43.459625424,1
fire_0165.jpg,97.02304,76.770208,102.477408,33.38959378546556,21.946753646877617,85.75642556799998,1
fire_0166.jpg,24.615376,8.070288,2.642912,50.97653248680832,28.783815514921855,12.398548448,1
fire_0167.jpg,81.212192,81.326368,106.653632,77.42879876735229,51.687797050450655,84.179537472,1
fire_0168.jpg,13.20664,5.731552,3.59656,39.258187476122735,11.605434574857421,7.7232142239999995,1
fire_0169.jpg,52.539152,50.32864,68.235408,57.35672029606379,37.63190683117718,53.03095464,1
fire_0170.jpg,45.426544,24.14408,16.803344,60.21857809859067,45.00446512240313,29.670692832,1
fire_0171.jpg,57.702656,3.264912,1.1696,75.4171844777148,15.248045567621313,19.302931888,1
fire_0172.jpg,125.00128,72.309488,30.936064,80.6858968492115,59.049574098191904,83.347763472,1
fire_0173.jpg,75.840464,58.66608,47.440176,50.21799617930512,35.107837322079526,62.52146776,1
fire_0174.jpg,109.596064,71.622832,48.961424,68.55235035874338,36.36076523259344,80.39342785599999,1
fire_0175.jpg,147.348016,89.82128,38.3824,86.97340902174494,80.06066057160407,101.15774174399999,1
fire_0176.jpg,64.520592,50.727312,44.661584,25.37945074207746,15.572926033814456,54.160009728,1
fire_0177.jpg,35.412016,15.80344,4.70168,49.632672332000666,30.559574410753825,20.400803584,1
fire_0178.jpg,137.981632,53.588592,12.16472,86.56265106046935,61.63364437916629,74.099789552,1
fire_0179.jpg,107.858912,50.148672,8.073312,76.13917066908634,57.85819361712233,62.60744272,1
fire_0180.jpg,147.978256,88.808352,27.134256,68.91507996947013,41.39805569159132,99.469306352,1
fire_0181.jpg,121.324176,121.081328,129.065744,25.63867168792143,15.835679011536449,122.06416297599998,1
fire_0182.jpg,125.326416,65.160496,28.509616,70.83275714381689,45.754490064189156,78.97190575999998,1
fire_0183.jpg,124.970384,31.45632,7.385264,63.62290306872631,24.753807869853073,56.672924752,1
fire_0184.jpg,234.774896,186.460144,117.07432,37.233516086842826,72.65790899481807,192.996270912,1
fire_0185.jpg,110.8628,28.631136,1.245056,74.48202709486364,31.24132499350026,50.09639041599999,1
fire_0186.jpg,170.628144,86.800096,17.009056,78.28702888164338,68.57506140274891,103.90850379199999,1
fire_0187.jpg,69.118144,34.85368,26.628816,68.38412045201184,35.84174480208239,44.161120239999995,1
fire_0188.jpg,96.583008,35.462448,3.835632,93.25866500048099,56.59763456052996,50.132038416,1
fire_0189.jpg,169.65416,65.153216,9.31872,56.68742557829205,44.482541438831305,90.033865712,1
fire_0190.jpg,88.918784,65.820176,59.248672,63.474996872479984,48.668284532424444,71.977508336,1
fire_0191.jpg,143.66504,81.066016,43.234032,56.68984228059203,33.95732842683217,95.470278,1
fire_0192.jpg,120.685072,90.56752,62.485952,42.02489705347077,37.99411113645903,96.371369296,1
fire_0193.jpg,39.150752,36.617616,48.678816,38.820238353653835,8.705707925065255,38.750000464,1
fire_0194.jpg,146.949264,89.727968,53.191712,71.90987048978954,36.53838242986375,102.67200231999999,1
fire_0195.jpg,62.526256,21.307696,8.815808,37.425971284957505,16.483856683785625,32.207970208,1
fire_0196.jpg,113.847728,80.609584,55.989536,59.02231955148845,31.75596560249655,87.74110358399999,1
fire_0197.jpg,160.842256,137.785744,128.41408,50.87708164616426,34.51071576143364,143.611271392,1
fire_0198.jpg,160.310176,155.090384,137.25296,58.49863163227858,45.597209813019745,154.617635472,1
fire_0199.jpg,66.989152,34.6084,17.875184,58.96588663219519,33.65597304253733,42.382658224000004,1
fire_0200.jpg,75.410352,57.852608,33.482032,43.50696067569069,30.390059486587646,60.324127792,1
fire_0201.jpg,93.158512,78.291456,73.589248,42.90712325413877,29.894130751705493,82.200654032,1
fire_0202.jpg,84.435024,62.770208,56.849776,63.12152788169361,39.990701664721215,68.57305873600001,1
fire_0203.jpg,70.344336,30.95144,6.139824,64.6096793423331,30.449874251405372,39.90139167999999,1
fire_0204.jpg,185.044976,106.234544,11.203216,66.47440585036789,55.66024000228587,118.96529177599999,1
fire_0205.jpg,96.217696,76.340784,58.714784,28.266860321789967,18.476505575063268,80.274616688,1
fire_0206.jpg,129.430368,101.653152,75.755328,42.35450879640296,29.92482234642164,107.006187648,1
fire_0207.jpg,171.073344,79.756048,10.08104,64.12202938661302,38.54567648156789,99.11696859199999,1
fire_0208.jpg,143.699008,119.205376,95.806016,32.22316179110821,25.5179258698395,123.861444928,1
fire_0209.jpg,189.0536,141.737584,110.582592,68.00094169230306,65.4354589029751,152.33340369599998,1
fire_0210.jpg,64.730368,30.88792,3.042016,61.2879645165719,39.67631593373558,37.832378895999994,1
fire_0211.jpg,129.807344,82.865584,40.079856,57.13930951337847,48.65039424649038,92.023597248,1
fire_0212.jpg,76.58456,53.352288,35.664384,53.91087965899276,39.89431143866323,58.282316272,1
fire_0213.jpg,121.993344,61.864944,31.197104,87.9922134037874,67.57405241567848,76.34720184,1
fire_0214.jpg,85.825168,30.62168,3.120704,63.9389174272741,32.38957897191008,43.992411648,1
fire_0215.jpg,94.7956,41.399888,9.544832,77.71647915751203,43.946864024495035,53.733729503999996,1
fire_0216.jpg,94.511888,62.997168,36.760192,64.88581011804858,42.60471269683409,69.42905401600001,1
fire_0217.jpg,118.121648,63.707888,11.374544,95.62159221516913,70.92893546768805,74.01160102399999,1
fire_0218.jpg,64.531504,27.788752,7.31264,72.18973810381905,42.58071486345076,36.440558079999995,1
fire_0219.jpg,103.889008,37.472608,7.9952,63.58675321775705,35.88318204505191,53.970687088,1
fire_0220.jpg,174.78528,96.550176,48.362336,61.51432645588831,49.79929793048316,114.449058336,1
fire_0221.jpg,215.194832,146.305376,37.502768,56.91657537564761,73.76764923391977,154.499826032,1
fire_0222.jpg,136.367456,57.965024,3.531824,70.28273108017406,40.91782624577488,75.201966368,1
fire_0223.jpg,100.65936,44.092144,15.298336,60.353096990878605,32.324358206827,57.723247472000004,1
fire_0224.jpg,77.379104,27.0996,2.869104,65.67712606499454,32.330219916356896,39.370895151999996,1
fire_0225.jpg,126.820864,81.03032,44.77584,61.81790166524179,42.24763823810273,90.58868193599999,1
fire_0226.jpg,146.560176,141.962448,146.757344,91.8659587597551,96.46943033856526,143.883786816,1
fire_0227.jpg,100.631888,66.637328,47.7928,78.15783618777746,48.565443239204726,74.65342524799999,1
fire_0228.jpg,130.781056,95.39696,93.01288,57.49416832622996,38.5589870037894,105.70501958399998,1
fire_0229.jpg,119.161456,94.402592,94.531888,52.98460874593738,36.395974278504156,101.82023208,1
fire_0230.jpg,143.436272,92.340096,53.250272,62.17746745197987,34.84390217399285,103.16161268799999,1
fire_0231.jpg,116.405792,52.000768,11.7364,71.2727195275495,36.2681974105438,66.66773222399999,1
fire_0232.jpg,95.256368,51.618016,6.610384,90.3989816947546,73.01283224354295,59.535013199999995,1
fire_0233.jpg,168.65248,91.456288,35.527728,86.98580719778141,53.181446927110365,108.16209356799999,1
fire_0234.jpg,178.589424,123.498512,59.9924,85.09710962981188,70.5706972459948,132.73099792,1
fire_0235.jpg,104.378032,90.564256,80.421904,43.28051039217278,37.098071744586186,93.538346896,1
fire_0236.jpg,171.396208,108.788208,48.649664,58.14732402459064,57.949740363083045,120.65220598399999,1
fire_0237.jpg,52.655568,44.558352,74.856816,36.767544908483835,21.580072359565804,50.43344448,1
fire_0238.jpg,152.336592,59.410256,10.898832,75.39461074788792,54.715297988903096,81.66492812799999,1
fire_0239.jpg,163.055488,69.695504,13.32688,75.56541363005867,64.03254599175317,91.18411608000001,1
fire_0240.jpg,193.161616,138.390128,30.479824,91.79360940865406,95.01792963511474,142.46502825599998,1
fire_0241.jpg,126.36248,46.010192,12.478656,82.70076884920478,55.52969836153565,66.212931008,1
fire_0242.jpg,134.234304,51.057344,3.796896,62.50798795062583,24.598950377316182,70.539563968,1
fire_0243.jpg,125.614528,75.844576,38.134192,80.01766976947789,70.7117156020148,86.426807872,1
fire_0244.jpg,90.454608,80.350912,77.724496,57.06789447286745,39.56765462809561,83.07250567999999,1
fire_0245.jpg,64.904336,33.915472,11.761344,65.80862813035313,48.05607798205359,40.65557174399999,1
fire_0246.jpg,134.986352,102.011344,83.456304,70.23044984714319,50.35738721690854,109.75559683199998,1
fire_0247.jpg,111.841232,72.366048,44.616096,65.64575740078087,39.584105811066344,81.00563348799999,1
fire_0248.jpg,123.69776,127.064368,117.920592,48.54129568709925,50.00740521923304,125.01536174399999,1
fire_0249.jpg,99.810064,57.099296,22.225184,90.44551352231852,63.251915103847914,65.894166864,1
fire_0250.jpg,172.912688,63.445312,10.349472,79.45268846687729,42.68924737240815,90.12313166399998,1
fire_0251.jpg,141.776944,52.932496,32.197616,79.44218520421542,59.560682897444885,77.133209632,1
fire_0252.jpg,109.89872,49.286496,28.257472,68.09484666523305,40.26309079097113,65.01224223999999,1
fire_0253.jpg,168.655712,103.88576,80.3816,61.29482739818309,74.83495913824234,120.572501408,1
fire_0254.jpg,107.806944,83.375824,76.116,64.34062587029182,54.938830751309446,89.853108944,1
fire_0255.jpg,106.463648,57.38544,31.802672,78.04702832608103,44.50707606669303,69.14338864,1
fire_0256.jpg,139.896112,105.101616,92.495168,55.784239273144664,45.17618268721411,114.068035232,1
fire_0257.jpg,121.845008,32.706336,9.156208,59.49513507405405,34.616817205732595,56.67408433599999,1
fire_0258.jpg,82.374896,56.18984,67.151488,49.99668770017853,41.59962356529684,65.268799616,1
fire_0259.jpg,135.00288,70.728592,54.554608,67.89077881204193,26.810754590229944,88.10276993599999,1
fire_0260.jpg,60.825616,60.021808,64.048848,38.592580092817634,29.160107345672376,60.72122915199999,1
fire_0261.jpg,129.897808,116.011264,103.366176,57.61791947645399,49.847318896027936,118.721800624,1
fire_0262.jpg,129.719552,123.5404,101.340032,48.60608954564537,41.07669723626767,122.857124496,1
fire_0263.jpg,125.64088,82.623168,69.190624,62.20468928324939,22.66607645014408,93.954153872,1
fire_0264.jpg,144.659248,122.430928,101.082848,62.55733830714424,61.28241468038622,126.64351456,1
fire_0265.jpg,163.62736,93.674992,91.52456,59.030756080456904,51.59131137895155,114.345600784,1
fire_0266.jpg,143.499376,128.893024,113.27536,22.834662415079055,17.888809802092034,131.47990955199998,1
fire_0267.jpg,189.016224,80.495328,6.691056,64.76604512228475,43.727332895711996,104.529388896,1
fire_0268.jpg,134.323376,44.913296,9.795088,67.44343588491489,53.10296943125106,67.643434208,1
fire_0269.jpg,103.255008,41.789344,11.39512,74.51062438954553,36.847872883650474,56.702636,1
fire_0270.jpg,116.28384,100.685552,83.918224,51.00069782713174,35.71947349073466,103.43796472,1
fire_0271.jpg,170.066288,86.40312,6.252688,65.9791793060588,65.96566263038369,102.28125798399999,1
fire_0272.jpg,132.47136,28.544192,2.011088,87.49249601966102,42.93996719918561,56.593641375999994,1
fire_0273.jpg,117.091232,102.720416,79.67224,48.96547122945082,37.220349820856654,104.38979792,1
fire_0274.jpg,71.907216,39.433008,26.043664,78.61082581381108,58.70126465479203,47.616410976,1
fire_0275.jpg,139.623136,126.244256,122.77088,61.041468572811254,55.96768884817796,129.848576256,1
fire_0276.jpg,188.185616,73.418032,19.23512,59.3038399658955,36.89308164476066,101.55668764800001,1
fire_0277.jpg,111.63824,64.716192,50.383744,54.95325324038969,26.349115146796407,77.11198528,1
fire_0278.jpg,118.007568,90.086688,77.422544,53.18594542475837,43.21219981892447,96.991318704,1
fire_0279.jpg,62.498544,59.644528,67.64696,53.68864533474526,42.72859117332581,61.410156031999996,1
fire_0280.jpg,111.8212,35.62968,19.0696,53.06931631894272,24.01409450921687,56.52309536,1
fire_0281.jpg,175.823232,81.239392,39.974928,82.27848798485651,51.807439499268206,104.815811264,1
fire_0282.jpg,67.467056,58.215936,97.520576,48.13003804998355,36.05259352174132,65.46274983999999,1
fire_0283.jpg,140.425984,67.373968,21.557696,71.8122628638852,55.416329758790205,83.993465776,1
fire_0284.jpg,167.015072,65.616656,9.775408,86.995016482755,56.862732746304616,89.56888011199999,1
fire_0285.jpg,172.621696,75.195904,9.95656,63.108757855654105,52.383748831319664,96.888930592,1
fire_0286.jpg,134.990352,69.999808,50.165088,63.914306277359344,34.914841771990545,87.170822576,1
fire_0287.jpg,155.106704,136.801456,124.837232,66.72607758782456,69.95895588328962,140.910803616,1
fire_0288.jpg,121.72496,47.191952,12.67944,76.03019590267014,42.820605161880835,65.542895024,1
fire_0289.jpg,171.91944,79.70792,46.30176,74.89808877459024,40.13578494652372,103.47086223999999,1
fire_0290.jpg,171.853344,55.975936,9.702128,84.14852409886738,50.20165157565938,85.34806687999999,1
fire_0291.jpg,156.663056,109.551552,63.525296,59.65197938661268,51.899541254150755,118.39089851199999,1
fire_0292.jpg,114.057296,83.252752,58.946352,74.57109507824318,63.26383943791664,89.69238105599999,1
fire_0293.jpg,159.841872,78.157856,30.025056,81.28652771238058,42.35978216992226,97.094237584,1
fire_0294.jpg,72.18336,44.788928,24.533696,64.03704561510001,38.742792782797885,50.670766719999996,1
fire_0295.jpg,89.891424,49.183744,26.152912,83.24370748142002,63.856416170518564,58.729825471999995,1
fire_0296.jpg,107.771456,82.813168,65.986368,70.24525486920852,52.62751574797898,88.357440912,1
fire_0297.jpg,119.897888,113.819696,106.197392,47.0120393637572,40.56372352814253,114.76813275199999,1
fire_0298.jpg,136.682352,115.376752,88.146864,52.86490536970719,42.73512084843678,118.64291916799999,1
fire_0299.jpg,134.228,68.103664,51.153888,68.9024714796211,26.497206905164628,85.942566,1
fire_0300.jpg,162.430672,120.500576,67.341616,51.24673251660457,37.89334189100011,126.977553264,1
fire_0301.jpg,103.144912,62.946736,48.550624,70.61697071180734,57.74743210694571,73.324833856,1
fire_0302.jpg,113.394192,42.266688,4.990432,44.645123234986556,25.005662988824273,59.28431851199999,1
fire_0303.jpg,165.044752,117.025472,99.25928,54.44043142057653,39.20266428671929,129.35789083199998,1
fire_0304.jpg,126.107872,56.566416,19.314416,62.469561064822734,56.84735903201611,73.112583344,1
fire_0305.jpg,206.791888,119.030688,27.078944,61.01179637902376,75.68883871646239,134.78878798399998,1
fire_0306.jpg,83.277984,55.83344,39.380288,70.69678219619153,56.56918088293661,62.163699328,1
fire_0307.jpg,154.93744,81.033008,25.94912,78.5349515454514,68.46103696608704,96.850869936,1
fire_0308.jpg,139.701824,116.16144,97.238512,59.3945855029987,31.994735334526524,121.04280102399998,1
fire_0309.jpg,121.29192,127.500272,138.42584,50.616079171678244,47.94456715756245,126.88948950399998,1
fire_0310.jpg,38.869104,25.231104,40.13032,43.91084497293561,16.585930391183485,31.007376623999996,1
fire_0311.jpg,105.8924,90.75248,83.672096,50.59068616099212,37.756236860280445,94.47215230399999,1
fire_0312.jpg,133.080304,106.271984,76.58736,62.02265237207761,43.63737068962501,110.903624544,1
fire_0313.jpg,212.202832,111.165392,63.061904,60.291786996072496,54.277077201027836,135.891788928,1
fire_0314.jpg,87.54296,44.132672,29.586672,62.63919560816853,37.673425728760265,55.454104111999996,1
fire_0315.jpg,110.406112,44.187408,9.564992,89.9633233770488,56.137602640668014,60.039845072,1
fire_0316.jpg,130.432048,100.248432,97.619488,42.34511058582438,32.92943232947352,108.97363356799998,1
fire_0317.jpg,89.456736,50.222576,38.106448,61.303018655089936,36.73184661740033,60.572351248,1
fire_0318.jpg,67.260384,46.408416,30.089056,61.60783359421547,45.583894133464995,50.782747392000005,1
fire_0319.jpg,104.620768,39.756224,15.339696,85.76597772479583,49.998092736241695,56.367238464,1
fire_0320.jpg,166.3476,82.150064,8.985184,47.98005308709026,35.411383378737185,98.98433094399999,1
fire_0321.jpg,86.418416,53.47384,34.245568,66.64350591056075,33.203835014263035,61.13224521600001,1
fire_0322.jpg,85.942944,77.476592,71.601968,35.72706504336543,19.909128259809265,79.338324112,1
fire_0323.jpg,164.34192,69.030576,9.440032,67.38367388851397,40.42006166630902,90.73534584000001,1
fire_0324.jpg,174.434384,95.09072,33.321264,74.10672152065928,64.04624774240565,111.772757552,1
fire_0325.jpg,137.251872,77.400336,45.968912,63.0883721813744,34.778990944061384,91.712762928,1
fire_0326.jpg,97.410048,68.009952,75.746848,59.48936164254661,46.575913742595496,77.68258684799999,1
fire_0327.jpg,58.28232,15.519328,2.553552,67.34066652044365,32.81572833914274,26.827364143999997,1
fire_0328.jpg,122.378048,84.566848,62.944112,74.88659965380786,60.73180118640395,93.407404896,1
fire_0329.jpg,176.259136,62.523232,5.07528,80.0908037700553,47.270139287653635,89.98120076800001,1
fire_0330.jpg,134.909968,102.856704,73.008176,64.7265038005219,47.53811954901438,109.03789774399999,1
fire_0331.jpg,126.398544,78.35704,49.973072,82.11078308407528,45.206434524726674,89.48567734399998,1
fire_0332.jpg,123.624688,48.1596,14.394656,74.27485488981218,63.3446500332901,66.87445769600001,1
fire_0333.jpg,146.272448,110.8948,69.92384,50.684358574290904,31.32411909312056,116.80202731199999,1
fire_0334.jpg,179.488048,63.686512,5.169568,77.45129794360903,46.90538030198515,91.64023964799999,1
fire_0335.jpg,142.97424,67.352752,31.729568,57.023479308284934,26.545062629922274,85.90253393599998,1
fire_0336.jpg,154.664752,73.952448,30.64368,79.27786662605456,38.991957463139705,93.148227344,1
fire_0337.jpg,164.883712,71.646288,7.645776,47.372206335583066,38.872582726403145,92.22821940799999,1
fire_0338.jpg,119.180464,102.73696,96.324464,55.63143133827049,41.054726329113436,106.922543152,1
fire_0339.jpg,72.129696,25.866016,15.177056,50.72070988213379,24.82389559049393,38.480314879999995,1
fire_0340.jpg,80.65704,23.48632,13.315232,43.35977668805964,25.19702182516021,39.420861247999994,1
fire_0341.jpg,48.5564,14.05648,8.602032,56.88131843619661,37.79349078888586,23.750149008,1
fire_0342.jpg,111.058832,58.198944,35.285872,63.957008144501074,45.505526052171554,71.39196030400001,1
fire_0343.jpg,82.560736,64.03488,49.79368,54.88380314025536,39.594444451028735,67.950614144,1
fire_0344.jpg,126.798144,47.540352,3.472496,84.17445535407559,44.410047013216456,66.214696224,1
fire_0345.jpg,147.181088,97.664016,75.621776,66.78511600002095,44.962589546774815,109.956805168,1
fire_0346.jpg,80.139344,61.955872,52.852528,64.58853736731979,48.58104030092002,66.354948912,1
fire_0347.jpg,118.806864,79.917056,59.398848,61.95589136220626,50.65639892740959,89.20603288,1
fire_0348.jpg,99.732896,104.080896,95.591024,36.67869637068886,38.610496187399406,101.812998592,1
fire_0349.jpg,120.093424,97.052224,84.05608,44.681009746381335,26.232455482737866,102.459982384,1
fire_0350.jpg,125.702048,54.87024,44.014944,50.51754951109264,24.223906091759854,74.81144684799999,1
fire_0351.jpg,122.7532,82.010688,68.54312,51.459928660657894,19.797141959552043,92.65739633599999,1
fire_0352.jpg,109.330192,80.371056,73.050256,44.127935610485295,24.910474532711415,88.195266464,1
fire_0353.jpg,136.608512,72.63928,17.156576,90.33947115821442,63.23392666189251,85.44105211200001,1
fire_0354.jpg,135.890944,130.689216,139.405824,49.012213445108394,50.617168523193236,133.238225984,1
fire_0355.jpg,178.173504,108.685712,81.723568,49.20688578199177,33.03068959396785,126.388877392,1
fire_0356.jpg,79.996272,36.1072,6.418976,77.88171689236195,43.57524944461018,45.845574991999996,1
fire_0357.jpg,130.395552,98.418864,60.540384,72.54300365035415,66.6450816260998,103.661746992,1
fire_0358.jpg,105.240368,94.599104,86.987248,57.66744883575635,53.20824103836908,96.913090352,1
fire_0359.jpg,132.085904,123.778,120.409936,40.9637353338631,35.83116470336961,125.878104,1
fire_0360.jpg,93.087344,32.184496,2.320128,31.76689300239581,11.706845571117098,46.989909600000004,1
fire_0361.jpg,120.11568,52.297456,2.684784,60.59328802877097,30.196185983134757,66.919260368,1
fire_0362.jpg,128.08816,105.95776,97.476384,37.92288348496722,27.423573067388574,111.607872736,1
fire_0363.jpg,147.813648,71.529392,11.938336,71.8114505140517,55.726275742331254,87.54500415999999,1
fire_0364.jpg,123.806224,36.065104,2.576432,78.03460670024437,62.467762705808376,58.48199027199999,1
fire_0365.jpg,106.81304,88.98096,83.13584,80.35379213178679,75.30950403155235,93.64640824000001,1
fire_0366.jpg,123.4524,82.92368,54.328592,69.734513623026,45.52638724144054,91.781927248,1
fire_0367.jpg,101.170128,77.010064,55.221456,47.06191360817807,39.593583857942235,81.750021824,1
fire_0368.jpg,102.45416,85.8044,82.142624,52.478687128151364,40.29081995492273,90.36523577599999,1
fire_0369.jpg,138.160128,133.006256,122.912528,57.18617307552251,48.571105246457634,133.396578736,1
fire_0370.jpg,159.573392,124.411472,75.014768,47.479341924823856,38.41668203779728,129.293661824,1
fire_0371.jpg,119.99816,59.321072,23.838784,80.86996523193514,35.83094663514789,73.41854048,1
fire_0372.jpg,66.086176,31.152592,18.520688,72.42278336060431,34.33401851926943,40.157696560000005,1
fire_0373.jpg,139.838432,79.839184,61.104048,57.86111516192352,28.27745522875324,95.643153648,1
fire_0374.jpg,149.534384,58.113168,4.075376,79.72845084247244,46.58741367583927,79.287803296,1
fire_0375.jpg,120.597984,39.788608,7.476976,77.8529311916754,33.33938525861471,60.267085376,1
fire_0376.jpg,101.702688,67.871008,51.469424,65.50392566537258,36.951580440678526,76.11689974400001,1
fire_0377.jpg,109.015248,40.389712,10.341568,85.02469349252897,55.35424172145307,57.48325884799999,1
fire_0378.jpg,158.850064,67.383824,14.478336,71.51362677976768,62.06970113619868,88.701004128,1
fire_0379.jpg,103.722304,49.202352,11.501696,85.4526841060688,59.359539601214024,61.205942863999994,1
fire_0380.jpg,84.219968,41.9312,12.160832,88.38453293466553,65.07798548326463,51.18171967999999,1
fire_0381.jpg,119.959264,43.394496,4.002032,62.19818367587838,32.58644510998376,61.796620735999994,1
fire_0382.jpg,89.132032,86.958832,96.131904,66.01051437120435,45.09609563139337,88.65434900799998,1
fire_0383.jpg,146.71744,69.681024,31.846304,70.22336773358566,40.743651460214316,88.401754304,1
fire_0384.jpg,82.660448,35.203552,19.159408,74.60782994055849,30.60286899268263,47.564131487999994,1
fire_0385.jpg,108.139952,48.697776,53.925408,71.85616308597125,34.69205794780448,67.066936672,1
fire_0386.jpg,104.238496,79.703216,75.525312,60.45654108248324,35.5809607410669,86.56298366399999,1
fire_0387.jpg,144.070768,128.84464,105.201536,57.20100782232928,44.78135245021526,130.701938416,1
fire_0388.jpg,111.376352,93.771808,72.297552,46.91429111872092,32.80209250049661,96.587501472,1
fire_0389.jpg,141.506784,105.834544,83.767296,40.15283763294126,23.495280894512923,113.984877488,1
fire_0390.jpg,145.707136,115.635312,89.677664,59.71740214273812,48.570754437857524,121.66761550400001,1
fire_0391.jpg,106.284,105.83536,88.36384,64.9120765343399,54.04762312692761,103.97775007999999,1
fire_0392.jpg,153.02008,67.180384,33.281088,69.91697245157,30.47348968550442,88.98193336000001,1
fire_0393.jpg,97.68392,63.868256,62.74632,58.74291362737807,40.740240788665744,73.85123883199999,1
fire_0394.jpg,166.518688,83.986544,17.26376,84.17442986298545,52.6946745974967,101.05725767999999,1
fire_0395.jpg,122.133984,81.818512,62.570016,66.51968779457509,33.747768016653424,91.678509584,1
fire_0396.jpg,98.668672,38.66264,9.209088,64.70180150317621,39.23605398393676,53.246738640000004,1
fire_0397.jpg,109.76232,72.29,51.285824,70.34625678895502,26.84958480125903,81.099747616,1
fire_0398.jpg,117.287152,112.893632,113.67016,40.581294899607336,32.0523733575,114.295818672,1
fire_0399.jpg,116.581728,99.60456,77.139168,49.19243771692979,36.34167408370726,102.119678544,1
fire_0400.jpg,116.572288,107.386128,101.188672,69.11769352665824,41.34063193962589,109.42627985600001,1
fire_0401.jpg,182.23776,156.639824,136.096672,49.9245704456473,36.4524060282586,161.951687536,1
fire_0402.jpg,63.513424,75.163072,80.256544,32.408015733707366,28.400608999153803,72.260483056,1
fire_0403.jpg,106.158544,84.291344,68.836112,43.399939905489084,35.07035121970785,89.067740352,1
fire_0404.jpg,91.519136,82.713248,56.315152,42.87995673754235,38.38441200918018,82.33682556800001,1
fire_0405.jpg,111.780144,46.068608,12.67296,74.50104213592763,54.35062285698607,61.90925339199999,1
fire_0406.jpg,143.359808,97.206256,54.965328,41.54359881140699,32.098255193428564,106.19070225599998,1
fire_0407.jpg,107.89392,61.785136,47.215616,47.57090349187831,23.032245080788456,73.91073713600001,1
fire_0408.jpg,128.636624,119.789552,116.613184,41.60665761488928,37.101473604687136,122.07272057600001,1
fire_0409.jpg,132.332976,126.488896,112.256176,51.862792433337255,41.441192124517656,126.61374583999999,1
fire_0410.jpg,183.074992,151.663664,120.385024,44.89779032647304,46.92072716929165,157.489886112,1
fire_0411.jpg,145.781696,116.427376,86.90696,38.01189149941876,27.819677455977523,121.838990256,1
fire_0412.jpg,145.867456,129.112608,133.811216,50.63583553263503,47.2812113998609,134.657948864,1
fire_0413.jpg,140.146416,133.442784,142.662176,61.45013446978732,60.911164217484334,136.49818065600002,1
fire_0414.jpg,116.573232,87.949008,66.77992,72.803704281267,52.74118034151242,94.09437494400001,1
fire_0415.jpg,106.297312,78.854944,57.521344,73.52976663620424,51.477579262790364,84.628181632,1
fire_0416.jpg,140.999264,79.864448,42.436256,69.86160009231325,42.94824040231795,93.87694409599999,1
fire_0417.jpg,98.398848,68.3312,42.419872,76.87400824903627,56.97755714805611,74.36753536,1
fire_0418.jpg,94.745472,52.058864,30.440544,62.70300521902611,29.113430698382217,62.357671312,1
fire_0419.jpg,107.28896,81.584208,61.467584,71.11285063979928,49.821691631384176,86.976633712,1
fire_0420.jpg,106.35128,101.804864,100.365664,46.688472007141115,41.345691165362126,103.000173584,1
fire_0421.jpg,122.84024,113.27168,101.24832,44.055301936797576,35.96673905120674,114.7620164,1
fire_0422.jpg,156.568272,82.597424,53.660352,52.450739355456335,39.89551028078503,101.415881344,1
fire_0423.jpg,151.83792,58.67536,29.632704,61.7695171591425,35.38327674015509,83.220102656,1
fire_0424.jpg,118.909088,112.058176,107.46064,52.423811297999464,38.648650475185086,113.582479584,1
fire_0425.jpg,95.773024,125.281056,127.466544,74.43621399490588,58.565691386039866,116.70730006399998,1
fire_0426.jpg,139.413344,89.8572,55.119648,56.296305196146434,40.61510664961992,100.714406128,1
fire_0427.jpg,197.855392,134.798,54.67576,42.690674397651954,52.897502814405144,144.518224848,1
fire_0428.jpg,133.958944,76.536064,41.95936,57.47133555438627,26.4964310688799,89.76376086399999,1
fire_0429.jpg,169.6588,81.08536,30.895408,61.49122017459078,21.61517600368778,101.847164032,1
fire_0430.jpg,85.215408,46.77704,18.720864,80.93556893846818,48.34214327932099,55.07170796799999,1
fire_0431.jpg,76.10712,42.201296,16.680464,66.50281988987835,44.729139762803214,49.429762528,1
fire_0432.jpg,131.981632,50.255968,6.204672,64.04854295467288,49.82273328896134,69.67009379199999,1
fire_0433.jpg,162.786096,80.937472,10.155632,72.6185976529345,73.20028586179986,97.34108081599999,1
fire_0434.jpg,129.685488,127.565008,123.791024,52.53436919010121,56.11985956824853,127.76879734399999,1
fire_0435.jpg,108.16272,46.678176,29.039776,90.82323413203034,41.862975113016326,63.05127705599999,1
fire_0436.jpg,82.59104,39.032544,32.637776,72.44384274538727,32.42754133276317,51.327530752,1
fire_0437.jpg,150.241392,106.786192,84.820016,58.72329270317134,31.539974352226984,117.275152736,1
fire_0438.jpg,100.243504,24.247584,7.930672,83.26889504371955,48.70516504604973,45.110236111999996,1
fire_0439.jpg,85.157168,68.460608,47.407568,70.07413595771108,52.63563538393297,71.05283288,1
fire_0440.jpg,79.34736,60.690768,41.609392,70.18810962713272,52.57826508710777,64.093812144,1
fire_0441.jpg,71.59016,59.318448,54.758592,49.09815816478659,39.228325466062095,62.467866304,1
fire_0442.jpg,57.198048,43.602096,45.12832,58.6435961464651,40.88362753483091,47.841275184,1
fire_0443.jpg,72.378544,52.17888,38.2468,71.49287573206203,54.791835905959566,56.630322416,1
fire_0444.jpg,171.2296,73.613472,5.71736,76.80629028823095,50.85816139131669,95.06053750400001,1
fire_0445.jpg,143.947632,58.58944,4.882,91.07103509674509,48.506798044051514,77.988891248,1
fire_0446.jpg,113.718416,99.815408,95.892512,50.67215241580867,36.636646432138626,103.525197248,1
fire_0447.jpg,117.473104,86.99272,77.298592,89.48455078171418,45.70550525923108,95.00122422400001,1
fire_0448.jpg,101.163136,70.115056,72.365968,83.4087971058539,32.128883362433626,79.655035888,1
fire_0449.jpg,212.506896,153.723888,73.105024,65.06789881689114,65.18972804179701,162.10945689599995,1
fire_0450.jpg,197.617904,121.7012,31.493936,47.92671541684016,49.066684242569316,134.1166664,1
fire_0451.jpg,109.065216,60.200464,52.529488,72.4557407723732,47.56585084054215,73.93653358399999,1
fire_0452.jpg,105.162544,44.214112,9.958256,89.0963172945328,42.96956183220229,58.53252558399999,1
fire_0453.jpg,175.136512,98.41808,46.405648,48.1241061057123,60.68298523567871,115.42747392,1
fire_0454.jpg,147.565536,76.709568,34.327504,56.768737673412325,57.01372972585968,93.063947136,1
fire_0455.jpg,175.563472,83.065872,6.693232,56.549994476615254,37.342916823403286,102.01617344,1
fire_0456.jpg,207.098256,104.34192,8.618832,57.14654055809909,40.406994873580985,124.15363243199998,1
fire_0457.jpg,248.825088,138.367792,57.450896,19.679395056562484,52.50845152015755,162.16999736,1
fire_0458.jpg,96.251872,67.320496,44.865024,74.8022501298966,59.01697588248642,73.41105361599999,1
fire_0459.jpg,170.484512,86.877392,27.892208,73.07332449069125,42.92205278500011,105.151609904,1
fire_0460.jpg,152.947776,120.160016,109.649872,56.02274245923547,40.329854089492365,128.765399824,1
fire_0461.jpg,159.376048,119.123856,102.244704,53.03904293915659,39.57583307640237,129.23503808,1
fire_0462.jpg,76.48864,26.357072,9.025456,76.10443213736241,37.19953165816494,39.370606607999996,1
fire_0463.jpg,54.525968,18.648064,9.099232,57.71496206065612,36.34833538213138,28.286990447999997,1
fire_0464.jpg,203.550336,125.424704,73.722192,58.91897414489754,33.90822735727104,142.8901816,1
fire_0465.jpg,155.926464,119.322992,94.323216,60.36280603531204,43.408040685660254,127.417455664,1
fire_0466.jpg,142.763328,115.006736,101.67088,56.65209632806553,39.961444651392476,121.78566942399999,1
fire_0467.jpg,130.730768,92.400448,64.67568,80.71952414459699,64.42216930063202,100.70059012799999,1
fire_0468.jpg,102.568496,61.98248,49.902416,57.62750256863457,30.810094921139076,72.740571488,1
fire_0469.jpg,139.755504,74.913104,40.187024,60.09631401097728,39.676515384861915,90.34220847999998,1
fire_0470.jpg,101.073008,68.72216,66.527952,47.11853509853565,33.407183014052535,78.14492384,1
fire_0471.jpg,135.954528,46.587168,7.87776,66.87677848324645,41.73183036651731,68.895136128,1
fire_0472.jpg,136.14632,81.399616,94.047328,66.79770881143753,51.6801949208064,99.21071966399998,1
fire_0473.jpg,159.4024,97.967824,104.6492,62.96835213216239,50.63581756726185,117.098439088,1
fire_0474.jpg,126.61144,75.761392,52.21088,77.47120640035496,51.85788127394269,88.280797984,1
fire_0475.jpg,82.152944,42.303088,29.369744,69.95577929044079,38.35773499131897,52.743793728,1
fire_0476.jpg,98.364192,28.703584,2.24024,66.94045906764559,31.25424172100395,46.515284576,1
fire_0477.jpg,119.219568,40.62024,1.837408,76.10563268177577,36.1866020281319,59.700196223999995,1
fire_0478.jpg,157.905184,57.628544,7.278192,58.64604527098263,50.05365157948083,81.87131923199999,1
fire_0479.jpg,98.963264,11.806432,2.755216,42.17523209736141,20.491628032671684,36.834486143999996,1
fire_0480.jpg,96.888032,43.383184,15.15536,72.05081722761356,46.17347431179663,56.163161616,1
fire_0481.jpg,81.59488,49.295072,34.913344,74.79221781566315,49.46168816887284,57.3131976,1
fire_0482.jpg,79.772112,59.424432,58.799136,63.01293952085918,50.94868981119511,65.437104576,1
fire_0483.jpg,95.598144,40.995856,15.954384,70.13263399983822,56.505601835811504,54.467212304,1
fire_0484.jpg,71.860736,26.26872,9.736368,64.325249766622,40.67602140772374,38.016044656000005,1
fire_0485.jpg,205.104896,115.965072,13.44728,65.42775047966408,44.190574334747176,130.930851088,1
fire_0486.jpg,95.719488,97.85696,101.779792,61.27340200297235,59.53045220354369,97.66505872,1
fire_0487.jpg,226.37664,143.886816,63.281904,42.90019447870138,66.51764990874335,159.362313408,1
fire_0488.jpg,61.33664,38.005744,16.64552,55.954556860995694,35.706776261747066,42.546616368,1
fire_0489.jpg,135.58112,119.940208,103.562928,61.948912077175336,52.00213219586996,122.749830768,1
fire_0490.jpg,126.111552,97.501472,101.635456,59.696138603357724,44.39148186119963,106.527160096,1
fire_0491.jpg,135.651456,102.776384,106.985968,40.15815520015909,31.35992365878055,113.08592310399997,1
fire_0492.jpg,86.664976,58.406496,40.096608,49.859888155905686,34.475654613103195,64.768454288,1
fire_0493.jpg,98.712672,54.73864,35.07824,68.33906129455113,32.56630103266872,65.645589968,1
fire_0494.jpg,118.09656,76.67728,51.002992,72.4378893409133,45.24887034834792,86.134775888,1
fire_0495.jpg,119.180528,37.641616,13.122928,80.90377099765632,53.96057042793881,59.226620256,1
fire_0496.jpg,182.538704,90.216704,33.75176,52.2425502248922,68.11011143271155,111.38397838399999,1
fire_0497.jpg,92.073056,58.973744,35.29136,63.720568538116986,44.27881008589169,66.17064651199999,1
fire_0498.jpg,135.326416,90.444352,45.182416,67.39473140086652,59.00901374620742,98.70422843200001,1
fire_0499.jpg,127.243872,38.54,5.488912,90.82059052025382,46.23304740118263,61.294633696,1
fire_0500.jpg,135.018208,51.441664,3.262448,100.96207931926094,54.07592770273205,70.938620032,1
fire_0501.jpg,161.190096,120.765152,94.435232,51.94484220315607,38.436370047350934,129.850599376,1
fire_0502.jpg,157.01032,112.254752,78.297696,55.353869941473825,37.41023728097025,121.765562448,1
fire_0503.jpg,177.451808,64.98832,3.846704,43.94177089662109,29.99734054174803,91.644758688,1
fire_0504.jpg,118.474544,46.965296,8.022624,81.46737305198974,37.885249842549335,63.90709654399999,1
fire_0505.jpg,118.474544,46.965296,8.022624,81.46737305198974,37.885249842549335,63.90709654399999,1
fire_0506.jpg,117.954048,57.303328,16.802464,75.87801558036224,58.789689641334355,70.820794784,1
fire_0507.jpg,152.385296,105.327904,72.214144,68.61477633128584,54.443056774641015,115.62309556799998,1
fire_0508.jpg,102.239296,56.612864,33.560288,65.24180194801784,40.19771632465586,67.627173504,1
fire_0509.jpg,88.781568,66.138784,54.660064,35.48349609975567,24.17458837294534,71.600402336,1
fire_0510.jpg,105.878848,38.324736,15.314464,66.54288297175661,27.419841329415164,55.900244480000005,1
fire_0511.jpg,169.716,83.601984,23.366656,58.984423028457265,36.86005728785217,102.483247392,1
fire_0512.jpg,144.738544,104.41976,67.162304,56.56300367519448,46.19932858324242,112.227726432,1
fire_0513.jpg,147.25608,75.314368,13.489584,74.67728441121571,57.63791631175243,89.77691451199999,1
fire_0514.jpg,90.875296,48.455216,27.822528,82.15103203802363,81.09395416671543,58.786693488000004,1
fire_0515.jpg,126.359424,59.921776,18.760608,62.349076130991904,23.777869564067842,75.0942596,1
fire_0516.jpg,131.187568,95.834096,43.961024,71.53421515782064,47.2385365973882,100.49125391999999,1
fire_0517.jpg,146.06424,57.54856,14.642272,64.8552548466383,51.910692789890604,79.123431488,1
fire_0518.jpg,128.407328,116.69256,107.458944,48.615885509783894,41.00036790867126,119.142643408,1
fire_0519.jpg,81.444256,55.497312,39.115296,49.62012314179061,34.12157289420662,61.38789843199999,1
fire_0520.jpg,76.75496,51.038576,26.274256,69.24538421727762,58.57431628190143,55.904642335999995,1
fire_0521.jpg,112.933776,102.951344,96.285024,38.13963332783659,31.039939442493505,105.176130688,1
fire_0522.jpg,113.443504,76.482464,49.403536,51.84435313707737,37.87459386566019,84.446817168,1
fire_0523.jpg,105.41432,70.427664,45.856528,47.42399766929819,33.72663231784496,78.08756463999998,1
fire_0524.jpg,64.625856,44.921344,41.594848,61.578899894909334,43.79161697441262,50.433772544,1
fire_0525.jpg,18.17552,8.433728,12.234144,32.26020125060599,17.231051274429426,11.779771231999998,1
fire_0526.jpg,149.192432,61.157472,5.204384,79.68317188669998,73.20651579312606,81.101273008,1
fire_0527.jpg,157.69152,116.22592,86.234976,81.05461057885356,77.63727785125906,125.20516678399999,1
fire_0528.jpg,183.47536,70.864992,12.037616,50.80648479151455,40.0290703968995,97.82917116799999,1
fire_0529.jpg,179.06144,78.80736,39.341376,91.01597398878067,56.002614312462235,104.28420774399999,1
fire_0530.jpg,152.011792,65.665424,2.18248,73.56805027285102,40.34666195486591,84.24593241599999,1
fire_0531.jpg,85.493616,21.725696,1.521088,73.79608254673512,26.20500206669681,38.48897876799999,1
fire_0532.jpg,183.670688,124.043216,105.22776,50.298743698095045,43.941637342927315,139.726868144,1
fire_0533.jpg,77.966272,73.384112,70.161936,64.22090711304237,58.88128607606542,74.38684977599999,1
fire_0534.jpg,142.279536,110.662304,83.124944,32.78018406941462,18.263654218463074,116.976597328,1
fire_0535.jpg,152.207472,56.614208,11.753616,102.37818413787781,73.4066318293704,80.08248644799998,1
fire_0536.jpg,145.449104,102.355536,68.322576,55.81749877589629,41.21679359378534,111.36075539199999,1
fire_0537.jpg,113.085312,107.095456,85.395136,61.99487915838417,60.484914153465276,106.412586464,1
fire_0538.jpg,152.08536,78.61576,51.500064,83.31724158702328,47.20778367623713,97.49198105600001,1
fire_0539.jpg,134.98544,69.985056,46.218256,71.5493698924484,41.11090756328379,86.710755616,1
fire_0540.jpg,162.898624,91.061104,27.208928,64.6403442666159,42.38341970984862,105.261374416,1
fire_0541.jpg,159.076992,66.145952,20.272128,64.07867058727058,51.757824162281935,88.702717024,1
fire_0542.jpg,130.047504,47.810848,15.43432,69.60515083935947,41.5474386878529,68.70868395199999,1
fire_0543.jpg,122.758112,117.386384,106.364048,35.627137328102236,31.094705456147096,117.735984368,1
fire_0544.jpg,152.0348,38.75608,5.59792,71.67761841021226,23.455287997242756,68.84638704,1
fire_0545.jpg,197.658,78.781728,16.736832,92.22628334699388,52.118681231723585,107.25261518399998,1
fire_0546.jpg,142.977984,136.171536,130.917296,49.90008925138054,49.111330499190345,137.607680592,1
fire_0547.jpg,180.742816,127.860992,76.192864,85.46252062974824,74.48380831278659,137.78249078399998,1
fire_0548.jpg,101.976736,108.417024,125.120992,55.20062494923679,46.3777696206213,108.39563023999999,1
fire_0549.jpg,121.116704,130.429856,147.098928,38.569884783032265,24.1754988328941,129.54549776,1
fire_0550.jpg,113.075984,37.012112,8.945296,74.76753093711028,55.109620478637446,56.555592704,1
fire_0551.jpg,77.218992,21.09616,6.686272,66.19423777417438,45.35520328754353,36.234159536,1
fire_0552.jpg,110.26624,67.9528,44.059216,87.56652417597948,66.04072449754015,77.880649984,1
fire_0553.jpg,112.051808,51.319104,26.360192,67.08030605126318,34.842330528212145,66.63286652800001,1
fire_0554.jpg,119.967328,116.805792,113.366032,47.85217726018761,49.38731054889237,117.358958624,1
fire_0555.jpg,195.27864,101.553168,59.315728,46.76674792788569,34.05609168950213,124.762015968,1
fire_0556.jpg,132.431408,96.409088,66.091088,77.66408003148905,71.22971250123264,103.72350968,1
fire_0557.jpg,124.168032,125.17408,127.658544,68.20772710805555,67.45335644839032,125.15650054399998,1
fire_0558.jpg,94.908464,59.459952,21.123536,76.59028568402591,47.36062444856166,65.688705664,1
fire_0559.jpg,143.44904,81.802992,34.112336,72.14965742869747,49.40230881090413,94.79842556799998,1
fire_0560.jpg,53.799056,27.031472,15.014672,74.48176854444894,46.31483893433309,33.665064416,1
fire_0561.jpg,83.97344,37.525104,15.796208,70.7059098984406,41.07168087367723,48.93606232,1
fire_0562.jpg,63.351808,40.275696,37.611136,60.734573276932935,33.84702869847786,46.871693648000004,1
fire_0563.jpg,75.809504,62.105424,63.225584,44.23766575299813,32.17730538407814,66.33064216,1
fire_0564.jpg,164.899024,60.481344,2.75328,56.525228879213074,31.409845907830622,85.12123102399998,1
fire_0565.jpg,163.552656,76.31648,4.629776,74.8816164044665,45.17238661405438,94.227812368,1
fire_0566.jpg,110.807088,63.219296,37.370464,69.97420062394607,39.762748059765485,74.50127895999998,1
fire_0567.jpg,83.536016,51.996832,44.257024,53.385796752017704,30.955573681709986,60.544709904,1
fire_0568.jpg,90.62528,30.85248,6.44896,53.50664468009183,29.550077323919137,45.94254592,1
fire_0569.jpg,98.705392,30.692304,5.547392,62.82829431176956,29.75550441803304,48.161697344,1
fire_0570.jpg,90.185584,37.287056,19.997824,47.03975313050595,24.358192027588252,51.132743424,1
fire_0571.jpg,144.87608,62.368128,30.65512,61.90484636790241,39.410396214395206,83.422722736,1
fire_0572.jpg,76.588752,73.301856,74.880048,45.968294585317125,39.53168150933203,74.464551792,1
fire_0573.jpg,109.06232,108.684176,111.662848,52.363232331642784,49.60737928172606,109.136809664,1
fire_0574.jpg,81.320784,32.906368,16.133904,72.48612640792267,54.50281344158829,45.470217487999996,1
fire_0575.jpg,158.732,82.240048,43.631168,65.79685597351897,37.597493865385445,100.709729328,1
fire_0576.jpg,123.442048,119.844352,123.360976,42.027886570296346,37.94803939204365,121.32095824000001,1
fire_0577.jpg,114.520832,52.411632,24.60712,78.22409571243234,38.37038252476219,67.81256843199999,1
fire_0578.jpg,139.40808,133.837872,132.992144,81.86827887963445,79.74757437384297,135.40695119999998,1
fire_0579.jpg,107.4052,90.260896,64.481952,49.427450075438855,45.70876009341299,92.44824328,1
fire_0580.jpg,91.330464,90.971376,109.449824,51.221846994663366,26.323743135553954,93.185286384,1
fire_0581.jpg,107.758656,107.995872,98.595872,51.336056968505716,44.76945403910591,106.85334441600001,1
fire_0582.jpg,165.66888,96.196528,46.9268,75.01533288298866,76.30303008888453,111.352012256,1
fire_0583.jpg,116.058624,31.5716,7.883872,78.389969480965,32.31263891173236,54.132819184,1
fire_0584.jpg,124.559072,35.352544,9.671712,69.17821054709941,36.842602306678394,59.097681023999996,1
fire_0585.jpg,98.27856,46.381712,14.972624,71.03125489758997,51.05895549214708,58.31823351999999,1
fire_0586.jpg,107.990272,61.039472,20.831968,82.26575862025473,71.10506138075696,70.49410574400001,1
fire_0587.jpg,163.247648,134.834608,108.595584,58.36813033212641,53.42125230174163,140.338858224,1
fire_0588.jpg,112.304256,40.246656,6.293872,86.70262282241791,47.17433124928921,57.921261023999996,1
fire_0589.jpg,74.402352,28.27248,8.001072,67.06954588237566,33.822845691183346,39.754371215999996,1
fire_0590.jpg,74.402352,28.27248,8.001072,67.06954588237566,33.822845691183346,39.754371215999996,1
fire_0591.jpg,101.793728,65.801904,43.536544,72.7242395619371,39.883776826860114,74.02520833599999,1
fire_0592.jpg,173.466176,136.268928,93.7008,56.03211100732351,53.745137507785905,142.53813855999996,1
fire_0593.jpg,203.987248,140.426112,72.923328,48.197340812398515,51.747041621366684,151.73557428799998,1
fire_0594.jpg,158.038016,89.874032,40.165216,94.98617564037276,84.16685098103038,104.588258192,1
fire_0595.jpg,79.929504,69.54168,60.006464,45.061418600771816,36.320147229569436,71.560624752,1
fire_0596.jpg,181.605712,136.215088,108.282944,70.81633874306873,56.785815915176,146.60262016,1
fire_0597.jpg,114.642432,98.69648,91.436048,56.39420127216428,36.00939749023302,102.63663039999999,1
fire_0598.jpg,133.345488,75.81672,67.78872,63.76637419551041,27.122026923546848,92.102629632,1
fire_0599.jpg,132.87808,99.8668,70.004592,67.26720888749287,61.239386817309004,106.332881008,1
fire_0600.jpg,147.993712,105.236208,66.664848,47.98340922090734,41.72944128287289,113.623566656,1
fire_0601.jpg,100.038784,87.944448,77.230496,61.56274197760642,43.28056656254971,90.339263936,1
fire_0602.jpg,131.246752,118.905248,112.539456,47.84248264304953,39.13101744215829,121.869657408,1
fire_0603.jpg,95.944928,54.632848,39.189808,80.0022904114302,49.51424166246411,65.22465335999999,1
fire_0604.jpg,185.85992,148.938272,123.165392,58.508074054728546,44.93614026208766,157.039736432,1
fire_0605.jpg,214.639424,146.810336,96.449552,44.728494016099226,44.996953803197655,161.35010393599998,1
fire_0606.jpg,78.843056,33.783872,19.007616,46.29579912455194,26.16614990187926,45.572074832000006,1
fire_0607.jpg,98.079296,42.133376,22.055792,46.214778763339154,31.046296314417667,56.57236150399999,1
fire_0608.jpg,155.611776,130.878448,119.551664,53.31011583298074,33.685152472733385,136.98245969599998,1
fire_0609.jpg,99.948384,73.898272,108.919248,53.19415027790691,18.006814360514078,85.67964675200001,1
fire_0610.jpg,69.528768,97.997184,123.282736,29.54991039584005,33.73898528512889,92.367680544,1
fire_0611.jpg,70.95104,47.278384,22.48824,52.12043011064279,36.513161111420416,51.53043172799999,1
fire_0612.jpg,81.161392,43.495664,14.505136,64.33466910323186,45.32214855011956,51.45279648,1
fire_0613.jpg,57.159312,24.136992,9.227792,75.1268579117126,44.027336794222926,32.311016880000004,1
fire_0614.jpg,101.738752,65.80024,39.946272,91.41445350425991,62.57010979647071,73.598502736,1
fire_0615.jpg,149.065328,88.3104,45.825616,58.131110880942366,45.46985467141939,101.632858096,1
fire_0616.jpg,182.0476,112.249104,54.974448,52.87534554251158,49.26811653795164,126.58954351999998,1
fire_0617.jpg,114.050048,94.080992,101.509584,70.49683175290714,44.34326285126001,100.898599232,1
fire_0618.jpg,141.45104,107.245792,111.639296,64.67497632715762,35.98468566338653,117.97402060799998,1
fire_0619.jpg,118.728832,74.331136,63.259408,80.14348075742515,50.34018209094504,86.34387011199999,1
fire_0620.jpg,94.447808,68.97424,72.913008,61.86662360267558,37.30964669388334,77.039856384,1
fire_0621.jpg,136.022,85.364912,64.573216,69.14594891965834,50.336034401135095,98.14112796799999,1
fire_0622.jpg,129.771136,67.95544,13.387488,63.91268573037362,42.420331144468925,80.217586576,1
fire_0623.jpg,125.889792,47.555456,9.69216,80.10639853467846,41.63785792559536,66.66100672,1
fire_0624.jpg,109.886672,40.10728,4.418592,57.26383798493091,31.924999028999203,56.902807775999996,1
fire_0625.jpg,166.051312,107.912976,61.028096,57.76473227739099,46.85354708902437,119.95146214399999,1
fire_0626.jpg,117.573264,99.636304,76.886336,57.43431803709611,44.50812057613289,102.405958688,1
fire_0627.jpg,45.576608,30.1532,17.125344,57.20212446416947,42.65185990973899,33.279623408,1
fire_0628.jpg,121.011232,70.131024,34.174704,71.81753391646204,49.705739555019434,81.245185712,1
fire_0629.jpg,120.541968,55.022704,34.794848,67.38059624763628,29.45482582750039,72.306988352,1
fire_0630.jpg,147.438464,87.618784,73.48712,44.07925776735248,24.937469686424564,103.893858624,1
fire_0631.jpg,141.639408,52.433472,11.970576,69.81207899360638,41.09500492791327,74.49327672,1
fire_0632.jpg,74.624912,50.836816,43.908032,35.459380662840914,26.077161405761633,57.159575327999995,1
fire_0633.jpg,144.69592,76.434128,31.6676,76.64943678432086,73.00196488369075,91.741019616,1
fire_0634.jpg,197.361456,116.920944,41.954512,64.49064668275597,72.23259279680373,132.42648384,1
fire_0635.jpg,169.119968,61.774448,3.226384,65.97583927225918,34.98547616219188,87.196279184,1
fire_0636.jpg,119.319424,87.564048,57.285328,74.2809892254285,55.0348899685799,93.607131344,1
fire_0637.jpg,98.949264,59.605968,49.688432,69.76794245108783,41.43383220006298,70.2390144,1
fire_0638.jpg,109.832032,57.09568,25.253552,79.43620742930125,46.94060755185855,69.23384665599998,1
fire_0639.jpg,142.730096,81.773248,45.590448,68.61021195005,36.30817967800777,95.874506352,1
fire_0640.jpg,151.189216,65.730496,15.34832,59.115164123136324,29.38220862348479,85.53908521599999,1
fire_0641.jpg,109.488208,75.8224,82.63632,73.75019113838782,37.00371584368251,86.66526347199999,1
fire_0642.jpg,110.499184,105.902704,106.309856,57.12667061306955,53.125863131702474,107.323466848,1
fire_0643.jpg,122.933424,85.965856,45.012368,65.61922303438395,44.93244549529064,92.3504612,1
fire_0644.jpg,146.627376,59.240272,42.94624,70.62010716045837,41.013167999631726,83.511496448,1
fire_0645.jpg,153.81288,101.90856,87.892832,37.25563466249904,47.204563240500384,115.830158688,1
fire_0646.jpg,66.832416,40.702896,21.7236,60.24055414422201,46.38483339641508,46.351982736,1
fire_0647.jpg,97.0588,36.15376,3.750688,67.36851762180908,35.61670313016633,50.670416751999994,1
fire_0648.jpg,80.081232,31.2376,6.115088,60.208756118708976,30.220615914305917,42.9778796,1
fire_0649.jpg,88.70512,51.38464,27.52808,68.22349194951545,41.982536798892944,59.82381568,1
fire_0650.jpg,161.127264,147.937872,146.585392,44.63287322001917,42.45219537446345,151.72731748799998,1
fire_0651.jpg,121.421456,51.086496,23.74376,79.70337542940113,31.22648271006493,68.999577136,1
fire_0652.jpg,126.131104,68.369088,35.98016,59.98677557379779,34.607444257677514,81.947592992,1
fire_0653.jpg,217.770896,163.362912,114.065456,43.685718391222366,56.4976488615257,174.010989232,1
fire_0654.jpg,211.120416,139.822016,83.679648,62.839906269718,64.74122026727441,154.740007648,1
fire_0655.jpg,99.751136,87.5948,80.86256,46.73887344287947,29.9361842084124,90.46206910400001,1
fire_0656.jpg,104.262048,43.016208,4.661824,75.34533702124968,46.32561012335116,56.956314384,1
fire_0657.jpg,69.604592,21.802208,5.238624,62.07984990730515,24.046187188923238,34.206872239999996,1
fire_0658.jpg,86.46552,86.245232,81.386432,39.85242229939856,39.785298255337686,85.757194912,1
fire_0659.jpg,108.233968,105.68912,105.424192,50.57440612577647,49.17273058948018,106.41982775999999,1
fire_0660.jpg,145.179904,75.163184,40.287376,76.50136303720858,42.59745319830922,92.12234116800002,1
fire_0661.jpg,91.241616,54.16312,22.388,81.34406730492731,67.00558949718747,61.627226623999995,1
fire_0662.jpg,163.900256,117.930288,72.205328,78.26045460597878,89.4187596661744,126.46266299199998,1
fire_0663.jpg,88.818864,37.269456,25.210176,53.356018196165124,36.223014361922786,51.307971071999994,1
fire_0664.jpg,172.732432,132.403488,56.42248,64.70692481771465,76.57888448804837,135.800007344,1
fire_0665.jpg,78.134448,69.16272,59.883408,36.89031726260017,20.1490617697599,70.78742510400001,1
fire_0666.jpg,144.870304,132.352976,127.253728,91.46394705537031,88.32878362087538,135.5143428,1
fire_0667.jpg,125.104128,94.384944,75.759472,54.97057777902299,43.75402694743495,101.44667620799999,1
fire_0668.jpg,121.255584,102.41592,83.310032,92.34736364844935,86.26578493559077,105.870908304,1
fire_0669.jpg,84.71032,52.586016,26.41544,78.78211861518831,60.38307028669331,59.207737232,1
fire_0670.jpg,178.447696,101.630928,7.408304,21.102856685567097,15.935917477786335,113.85776249599999,1
fire_0671.jpg,151.642272,99.879824,40.542352,71.55833937898515,65.28847522900978,108.59232414399999,1
fire_0672.jpg,89.732624,59.864768,119.699488,49.58243219200349,26.69058890894272,75.61641502399999,1
fire_0673.jpg,79.328752,56.961376,47.437008,67.16983705594718,46.395094009891004,62.563443472,1
fire_0674.jpg,135.544976,128.398528,119.751296,65.32524835895707,66.18226704664336,129.54953150400002,1
fire_0675.jpg,123.076016,42.790096,10.485616,69.65890700813317,41.324527006498016,63.11287536,1
fire_0676.jpg,161.608432,125.921952,74.477104,78.34296968140393,68.24441454441305,130.72749684800002,1
fire_0677.jpg,168.937936,134.261648,98.320608,56.90979279579134,47.08669625620485,140.532579552,1
fire_0678.jpg,123.514528,98.652592,73.061296,80.60419262629715,67.15082411766468,103.16890312000001,1
fire_0679.jpg,113.310464,33.990112,2.720992,38.8704971424949,14.555470663206188,54.142217568,1
fire_0680.jpg,79.954208,40.727936,25.438512,65.8325095305711,31.537479879976207,50.713596992,1
fire_0681.jpg,180.214288,87.619744,20.149632,70.26729686456606,67.2543091063648,107.61391988799998,1
fire_0682.jpg,71.757712,30.93176,10.790848,76.91757313205518,51.974033510036534,40.84265567999999,1
fire_0683.jpg,143.7456,77.910384,33.629728,60.45862784284804,46.290794430129885,92.54711879999999,1
fire_0684.jpg,96.304576,26.995984,6.336208,75.38288167389346,42.687133048165045,45.364038544,1
fire_0685.jpg,122.37104,70.346192,40.449328,44.08849565723921,34.25160888336687,82.493379056,1
fire_0686.jpg,106.590096,68.42184,22.979744,56.78178830145088,35.35817578742433,74.6537496,1
fire_0687.jpg,144.0328,134.029376,128.53712,83.45845881730622,86.74487743406307,136.39428259199997,1
fire_0688.jpg,63.388672,23.387136,8.056912,47.733989295641486,28.775478131866098,33.599949728,1
fire_0689.jpg,83.036176,56.529488,35.188384,54.23246927161831,35.75373740544974,62.022101856000006,1
fire_0690.jpg,73.169344,57.949328,45.748848,61.48700202977589,51.868957733392094,61.109258063999995,1
fire_0691.jpg,76.460944,52.703008,34.909632,78.12941260900958,55.2589898184172,57.778185999999984,1
fire_0692.jpg,83.676896,41.169136,26.96576,61.56730603010971,30.6269599048535,52.259771375999996,1
fire_0693.jpg,129.981824,110.413072,89.731328,60.617038311295154,58.06064343014824,113.90641003200001,1
fire_0694.jpg,116.215728,88.919664,60.804384,57.55486708724134,45.31026226063036,93.876045216,1
fire_0695.jpg,97.625632,38.025696,7.619088,57.320140479595615,41.018975654147965,52.379723551999994,1
fire_0696.jpg,118.037744,106.183968,97.15,81.55543410092588,81.28245220079778,108.69837467199999,1
fire_0697.jpg,103.415872,96.75344,93.869584,70.18456361964229,69.40635181427129,98.416747584,1
fire_0698.jpg,91.830688,44.2796,14.181168,77.21444987466177,45.963823860075,55.066154063999996,1
fire_0699.jpg,131.965216,71.831024,21.96256,73.19099817650627,54.68652169512542,84.126142512,1
fire_0700.jpg,69.146208,66.089888,64.862544,53.792416409943286,51.24686620806638,66.863810464,1
fire_0701.jpg,75.0752,54.648,36.484432,63.09473367056873,48.6584326915695,58.685086047999995,1
fire_0702.jpg,70.321904,52.22632,38.567696,38.02935510648036,28.700212599519194,56.07981647999999,1
fire_0703.jpg,72.658064,74.149264,80.477488,50.28238967841429,52.493481578747506,74.424812736,1
fire_0704.jpg,123.223568,74.754416,38.132032,56.44378287596763,46.36472685672746,85.07174067199999,1
fire_0705.jpg,121.305056,70.21656,32.529248,50.06548508540454,40.378816596903874,81.195666736,1
fire_0706.jpg,118.642976,70.02216,31.821184,49.95743458048486,35.85498086646261,80.20487272,1
fire_0707.jpg,137.625744,85.503024,40.058384,40.564272117794296,27.022987082397535,95.90702832,1
fire_0708.jpg,205.336512,153.633456,50.957328,68.88972108866355,67.19515218746113,157.387591152,1
fire_0709.jpg,79.578064,41.345808,13.651712,72.33265244695444,49.19707878347185,49.6201256,1
fire_0710.jpg,58.038544,29.456928,11.548816,42.03626018522657,27.954037432950823,35.96130641599999,1
fire_0711.jpg,175.416112,113.563568,61.3648,60.37292309308417,58.292237348633094,126.106819104,1
fire_0712.jpg,72.122224,38.496752,22.68896,38.2949741518887,18.477051860361705,46.74867984,1
fire_0713.jpg,94.039648,63.565568,51.76888,67.66338209132097,41.632920493731596,71.332495488,1
fire_0714.jpg,104.852432,92.87752,82.686608,43.886075054456356,36.97566495209518,95.29625472,1
fire_0715.jpg,77.9892,59.4796,36.77688,53.17708013195159,42.12865988659026,62.42586032,1
fire_0716.jpg,75.687536,54.819584,28.880224,67.89747410801601,51.44548363138347,58.102014608,1
fire_0717.jpg,95.808928,72.552368,63.805312,58.333703495413495,49.9660373613175,78.50891505599999,1
fire_0718.jpg,86.624112,57.322384,35.389616,79.10874482768297,48.792255333777554,63.58326512000001,1
fire_0719.jpg,66.18072,21.414384,8.532272,56.41700648103903,30.83932680686373,33.330957696000006,1
fire_0720.jpg,167.088096,100.772448,31.832608,79.67758901406835,70.78773585930895,112.74168499199999,1
fire_0721.jpg,118.531936,64.850688,16.910992,75.7272936007349,54.56923156804259,75.436255808,1
fire_0722.jpg,36.238736,22.228944,6.818304,61.631873678497755,44.573152285258715,24.661058848,1
fire_0723.jpg,38.94296,28.100048,17.786688,57.16376553760608,48.880721336716135,30.166355647999996,1
fire_0724.jpg,137.354656,83.501808,36.961376,63.71719651021743,63.58431841838942,94.29820030399999,1
fire_0725.jpg,39.841664,21.078288,11.522336,43.56838874357306,29.44320578654872,25.599158896000002,1
fire_0726.jpg,32.300464,15.410528,8.94392,28.17938099718842,16.46212655646943,19.723425552000002,1
fire_0727.jpg,169.043184,102.070208,28.190544,71.13209058605085,73.52437983986493,113.67284612799999,1
fire_0728.jpg,136.078928,81.450432,31.252736,75.80595793452396,79.0713601186509,92.06181496,1
fire_0729.jpg,142.665936,99.330384,48.569104,61.904754980889024,64.6887164072108,106.500928128,1
fire_0730.jpg,37.950016,15.79992,7.48464,36.30977429838615,17.450004011277475,21.474856783999996,1
fire_0731.jpg,64.669552,33.363872,21.596144,54.32454947921148,27.075008941228734,41.382749327999996,1
fire_0732.jpg,67.756688,36.878528,21.51624,65.04929564008096,34.07464976420471,44.359797008,1
fire_0733.jpg,115.388768,63.90248,8.803216,62.12274066267663,37.854825978329366,73.01556401599998,1
fire_0734.jpg,141.153328,77.165056,32.989872,80.4785675476671,71.55238207437168,91.261578352,1
fire_0735.jpg,123.185744,60.29376,18.212896,93.43878036001146,56.34035577685324,74.30124472,1
fire_0736.jpg,126.60848,112.148464,100.621888,61.197907873469006,51.92668145029782,115.15797912,1
fire_0737.jpg,114.880432,70.372032,37.420848,76.39395090904368,49.05696599047862,79.923608624,1
fire_0738.jpg,145.650384,93.825248,46.742144,74.93760535707385,64.26287081774744,103.953489808,1
fire_0739.jpg,168.631712,93.10984,17.265584,65.89572717520504,47.35895589193664,107.044634544,1
fire_0740.jpg,57.834032,26.6692,4.444048,45.10692495197357,26.314637663475438,33.453817439999995,1
fire_0741.jpg,182.938768,110.2052,52.5912,59.15429325621409,56.332687109350644,125.384540832,1
fire_0742.jpg,88.047856,29.075696,2.42696,55.22968533138012,20.423182467861956,43.670415936,1
fire_0743.jpg,106.873232,39.148816,5.507328,73.78089407071573,32.65368802751298,55.563286751999996,1
fire_0744.jpg,79.293648,70.036256,63.325376,34.47613520759101,26.05330960746569,72.039175888,1
fire_0745.jpg,135.10352,99.089728,57.934944,57.47402922720487,44.42435778811008,105.16620643200001,1
fire_0746.jpg,225.63744,147.021456,54.212288,32.77240019050176,68.61057413868554,159.947390064,1
fire_0747.jpg,148.93464,122.295904,104.015696,51.40146519380941,34.14112067321142,128.17694235199997,1
fire_0748.jpg,116.44904,83.630704,71.36704,63.35039733954633,34.13254008222043,92.045328768,1
fire_0749.jpg,59.800432,16.986096,8.458208,37.18063362307555,26.709356238568986,28.815403232,1
fire_0750.jpg,142.530896,47.819904,4.564016,79.68859766263417,34.7877088269806,71.20731937599999,1
fire_0751.jpg,90.194048,76.08808,73.03784,44.776997056230734,29.48799731947899,79.958037072,1
fire_0752.jpg,100.760288,64.31672,34.89864,88.42624593499973,64.05248317154926,71.859685712,1
fire_0753.jpg,113.471248,73.003184,48.099232,72.04938076987544,49.458597532301134,82.26408460799999,1
fire_0754.jpg,88.97272,70.524464,50.52,76.67708502415569,62.05763380529992,73.759983648,1
fire_0755.jpg,119.230848,82.07336,48.528672,88.57036572805205,83.06407595531536,89.35935448,1
fire_0756.jpg,26.766528,12.921312,5.87784,38.46791726653805,27.140409727906764,16.258075776000002,1
fire_0757.jpg,38.84008,19.430784,6.6148,46.26073870566271,27.147743794749204,23.773141328,1
fire_0758.jpg,26.159408,19.695344,15.372464,44.67553653947019,33.303640652662345,21.135290816,1
fire_0759.jpg,52.933168,35.958784,25.886736,59.929345845618705,43.34247244033667,39.885911344,1
fire_0760.jpg,49.31264,38.063488,23.887536,58.8343830105356,50.61575882345197,39.81092592,1
fire_0761.jpg,107.436368,70.89656,43.036528,81.57903259397341,70.9202813598931,78.64591894399999,1
fire_0762.jpg,52.196,40.698976,26.871808,66.49866272339618,50.13347504962552,42.56028902400001,1
fire_0763.jpg,58.665904,46.622048,33.481072,41.11204840266152,32.979855674118646,48.72508967999999,1
fire_0764.jpg,65.486576,43.646992,22.663152,67.84791436585374,48.68153039245927,47.78486985599999,1
fire_0765.jpg,129.617936,86.093056,53.35744,72.45207803161966,47.62015216881257,95.37513489599999,1
fire_0766.jpg,104.594832,108.708784,117.725552,34.14808525952482,33.07281822344966,108.50662390399998,1
fire_0767.jpg,87.55632,56.729056,34.009184,55.12551275097221,41.632857761014485,63.356342528,1
fire_0768.jpg,53.780624,32.804064,24.753856,28.325042809687403,14.508747467783152,38.158331728,1
fire_0769.jpg,68.967536,69.388752,73.484016,65.91582524772564,61.65047120568095,69.72966851199999,1
fire_0770.jpg,100.864384,81.46616,96.500464,70.1122670600555,55.80369470612498,88.98013963199999,1
fire_0771.jpg,80.046288,87.895664,92.58848,59.95423842749615,52.96165626185707,86.08368159999999,1
fire_0772.jpg,97.439216,79.223776,77.530032,85.04547621893444,69.14724003387137,84.47710574400001,1
fire_0773.jpg,124.190272,64.253952,38.42512,77.90832738909248,62.846718326271386,79.23042483199998,1
fire_0774.jpg,103.348144,110.502192,129.782656,68.3883666989881,66.78622093811819,110.561104544,1
fire_0775.jpg,57.725696,54.92728,66.081584,52.92841223119756,40.073449062959384,57.03559704,1
fire_0776.jpg,27.715136,12.6348,8.202704,43.92576834275644,24.773541146957577,16.63856152,1
fire_0777.jpg,36.87344,8.579056,1.599264,62.399420883261406,24.59111722042868,16.243380528,1
fire_0778.jpg,125.785264,95.657552,96.276272,40.19498934507016,11.552255942771351,104.736271968,1
fire_0779.jpg,51.161696,44.542288,42.977792,28.397832565243142,14.129076534758243,46.343138448,1
fire_0780.jpg,125.44296,55.090432,26.138272,62.69784017363278,42.83606945149585,72.825291632,1
fire_0781.jpg,52.714832,41.716192,37.666416,41.03258538298282,22.573106764890294,44.543110895999995,1
fire_0782.jpg,71.786304,67.836368,67.481232,70.1044283766695,68.14650072137655,68.97691336,1
fire_0783.jpg,62.255664,50.274624,46.375024,51.15087451763757,33.6488060658714,53.41240056,1
fire_0784.jpg,98.378256,74.412736,64.893024,66.59750561694082,44.935421228628805,80.493179312,1
fire_0785.jpg,179.06712,108.0936,58.474256,71.62915333092803,38.44931717261049,123.658077264,1
fire_0786.jpg,152.757728,102.985664,58.472096,75.92668542928774,48.85581679267172,112.79296438399999,1
fire_0787.jpg,111.800896,70.141136,25.002848,71.74537335324965,44.363944646858265,77.45163940799999,1
fire_0788.jpg,55.477792,53.773824,62.902288,51.10904204546135,40.07391226742186,55.32395532800001,1
fire_0789.jpg,150.151136,117.331168,107.918416,61.43360830937333,44.465807355267664,126.07128470399999,1
fire_0790.jpg,177.419456,104.948368,44.489824,43.269053614148575,34.27516427585105,119.724949296,1
fire_0791.jpg,122.848304,88.619312,74.288912,72.86165353821984,52.382635487789805,97.22011500800001,1
fire_0792.jpg,121.185136,96.952752,83.344272,61.72507260960901,48.55204901573667,102.64686809599999,1
fire_0793.jpg,123.758512,129.433552,91.597024,41.61997409352697,44.87099143838139,123.42335084799998,1
fire_0794.jpg,106.8576,53.7824,18.549456,72.07645991750704,48.40498662575995,65.635329184,1
fire_0795.jpg,27.74152,17.67792,12.486144,37.2351892178568,18.7989380677101,20.095073936000002,1
fire_0796.jpg,109.227104,45.291568,13.125024,56.612484062909516,35.68737810629097,60.741307248,1
fire_0797.jpg,109.236064,116.492432,123.07944,43.61197580697192,49.91741746850868,115.07369688,1
fire_0798.jpg,146.501264,72.97192,25.499056,71.87496397496352,43.134916106486166,89.54528735999999,1
fire_0799.jpg,110.382304,53.803552,20.145104,92.09072893430469,67.80552426007262,66.88353577599999,1
fire_0800.jpg,85.257888,30.095952,5.623536,80.79162187862958,47.076323658647084,43.79951544,1
fire_0801.jpg,162.472288,66.04528,7.624176,60.73335940029216,38.881640265318026,88.21694953599999,1
fire_0802.jpg,184.739792,125.102848,65.411104,48.56485992769603,46.76263959924521,136.12943544,1
fire_0803.jpg,136.888336,109.442496,93.094432,55.864461933783126,47.773551566635525,115.78512286399999,1
fire_0804.jpg,183.78048,95.778144,42.995056,57.875509181082805,57.5009261483262,116.07357043200001,1
fire_0805.jpg,192.508352,93.5644,34.726688,53.643724947509895,62.11983075186217,116.44114248,1
fire_0806.jpg,124.413472,107.985488,101.829248,53.763039357026834,43.063914515541384,112.19564385599999,1
fire_0807.jpg,125.1912,86.094864,72.902112,71.16575256793115,47.46548262497184,96.28069473599999,1
fire_0808.jpg,133.576192,82.26344,50.032976,59.4901696986917,40.32001021039553,93.931679952,1
fire_0809.jpg,90.039024,51.001984,13.816512,88.98332498354635,65.85921490622056,58.434915151999995,1
fire_0810.jpg,50.245312,26.288992,3.408544,76.34968320839751,46.8221230149161,30.843560608,1
fire_0811.jpg,108.793472,84.868192,63.149856,63.221169889406625,59.12521413619689,89.545960416,1
fire_0812.jpg,164.070096,130.68648,110.951744,78.46068691103069,66.70349431034029,138.41842128,1
fire_0813.jpg,111.990832,51.006992,10.990608,78.26269729537678,58.18362243030195,64.67929238400001,1
fire_0814.jpg,110.008448,65.35208,45.39752,49.25272581930158,12.530969941453057,76.429514192,1
fire_0815.jpg,70.82152,32.636992,25.53168,69.58231385121941,25.53466289560009,43.244160304000005,1
fire_0816.jpg,70.032752,33.275104,26.27624,72.46215651846484,25.91648552155913,43.467770255999994,1
fire_0817.jpg,109.675728,93.194336,86.206432,62.672448680979564,41.301551659944984,97.325651152,1
fire_0818.jpg,156.54704,109.960864,88.723728,53.25011995515503,42.75334696106848,121.46909712,1
fire_0819.jpg,128.012688,94.457696,86.692912,60.715871129504976,43.93717644969444,103.60545323199999,1
fire_0820.jpg,113.568496,105.888592,99.576192,52.40154162138729,44.53178626843455,107.465269696,1
fire_0821.jpg,132.783152,41.230096,6.23536,65.22186529795736,32.963163923245965,64.61505984,1
fire_0822.jpg,94.948896,29.347312,3.298512,60.07414628924146,24.406217535182627,45.992622415999996,1
fire_0823.jpg,130.011504,88.370592,73.644032,78.49905953358922,53.83785558108287,99.14239684799999,1
fire_0824.jpg,95.156752,71.655536,58.01136,31.247361821608173,16.8241536058342,77.12696351999999,1
fire_0825.jpg,75.20704,56.15608,31.339088,45.29942744051408,33.56720552911129,59.023179952,1
fire_0826.jpg,207.545728,65.410656,13.309744,41.26441572287212,33.848923670475315,101.96953856,1
fire_0827.jpg,220.801152,70.912384,11.09344,37.4990113399393,23.782692939121592,108.909766016,1
fire_0828.jpg,175.512064,102.858464,44.871936,59.47279632285591,49.9344293204669,117.97142620800001,1
fire_0829.jpg,180.939328,111.444032,42.442288,66.9980259926247,49.1581153786735,124.35692668799999,1
fire_0830.jpg,138.857008,138.890944,145.855552,50.26949788179643,57.88227869381841,139.674762448,1
fire_0831.jpg,83.610048,45.450416,35.819472,67.67689946678775,46.56653413586783,55.762218352,1
fire_0832.jpg,139.503584,92.825712,61.124928,82.45274915462154,61.523913072016605,103.168506352,1
fire_0833.jpg,156.609264,140.398048,133.608224,69.38215688041345,68.31428376108246,144.471161648,1
fire_0834.jpg,74.220752,36.8748,29.003952,61.27318725637256,39.39735530413177,47.143962976,1
fire_0835.jpg,174.206768,70.204112,13.8048,54.0264591380388,43.77802647780569,94.87138457600001,1
fire_0836.jpg,60.381664,15.491168,5.128,48.324647423350164,26.497320053087936,27.732025152,1
fire_0837.jpg,59.161488,14.317072,4.482848,48.3391261984105,20.009804630400968,26.604450848,1
fire_0838.jpg,123.9792,104.894688,85.555472,55.474169406670704,47.33089457619258,108.39628646399999,1
fire_0839.jpg,155.766336,135.564016,125.159424,61.064857005769724,44.362743805492286,140.418386192,1
fire_0840.jpg,145.363136,127.229248,119.044208,50.22348650029689,37.39375206307193,131.718185952,1
fire_0841.jpg,106.418064,40.864224,22.356368,63.334117113068714,42.19719266583766,58.354926576,1
fire_0842.jpg,141.085616,54.44424,31.627568,76.40654933904909,45.06031028324594,77.74891081599999,1
fire_0843.jpg,101.410608,69.492384,45.683232,54.89903366244561,51.82707637901779,76.321689648,1
fire_0844.jpg,123.401616,111.017232,100.001248,40.14290194528223,40.20984286288839,113.46434063999999,1
fire_0845.jpg,131.322256,74.56448,30.5252,77.1155752301081,51.38408549667494,86.514577104,1
fire_0846.jpg,114.37952,66.039536,30.038224,74.96545847635163,50.32328181771042,76.389041648,1
fire_0847.jpg,116.073312,94.674208,105.706448,74.11109888100876,50.377940922319716,102.330215456,1
fire_0848.jpg,147.080976,76.079152,36.066304,70.3814586015907,58.43709280038575,92.747232704,1
fire_0849.jpg,158.962736,88.836192,44.416256,76.30237618445642,63.1730323392754,104.740155952,1
fire_0850.jpg,54.590304,44.182096,31.535056,50.4343513608293,29.476564946526313,45.852387632,1
fire_0851.jpg,123.511376,95.416368,90.295456,62.70163824483874,48.970258378821896,103.23299142399999,1
fire_0852.jpg,102.02752,75.40448,72.043904,53.994508263800306,37.53636673853238,82.98166329600001,1
fire_0853.jpg,131.595248,56.461888,18.745232,70.64054337148389,34.69616514076816,74.62706385599999,1
fire_0854.jpg,141.439968,69.806704,27.064304,82.99562357232443,51.864754859696234,86.35241633599999,1
fire_0855.jpg,68.560304,31.901488,13.407744,62.856373132941606,33.49568675793729,40.754187167999994,1
fire_0856.jpg,77.01632,35.389328,19.647824,51.38012088013807,17.585543827485576,46.041267151999996,1
fire_0857.jpg,134.527456,70.972784,56.159328,59.17587101317618,27.377026487355124,88.28689694399999,1
fire_0858.jpg,119.866944,87.370368,50.381808,54.036652080794795,47.90917051613998,92.87014838399999,1
fire_0859.jpg,148.89408,68.136528,35.335168,71.88828742537689,54.73652966808561,88.54368100800001,1
fire_0860.jpg,85.10088,49.05784,14.428112,77.29681214141758,46.55677925430839,55.886919967999994,1
fire_0861.jpg,125.951552,118.33296,109.727648,44.503880154333686,48.11630627592272,119.62991344,1
fire_0862.jpg,65.629504,42.5708,36.161328,37.68980356427961,23.64057519097198,48.734672687999996,1
fire_0863.jpg,157.018656,59.559168,28.95232,58.396062640846466,34.528917549610156,85.21037424,1
fire_0864.jpg,140.649728,69.750384,41.657952,59.746238019862105,43.272315905813784,87.74675060799999,1
fire_0865.jpg,121.424128,95.204656,66.301024,44.99397101212134,43.01604523804651,99.74926408,1
fire_0866.jpg,42.93744,35.187328,22.9584,49.154988742206015,25.937322225326497,36.110513696,1
fire_0867.jpg,143.23728,80.311872,40.653136,63.94097267168838,46.57822615617318,94.605473088,1
fire_0868.jpg,134.079792,105.8916,91.092112,74.04792924340785,57.128247106313346,112.63272777599998,1
fire_0869.jpg,137.804224,97.308208,60.083776,89.14717004907011,70.6031650269925,105.172931536,1
fire_0870.jpg,124.66056,59.084064,18.003072,66.68197426956104,40.0590293098061,74.00820321599998,1
fire_0871.jpg,115.10168,70.752656,28.527984,88.64289136291528,71.4696273737709,79.19940156799998,1
fire_0872.jpg,125.829152,82.18136,35.299904,88.81864251924196,77.40379952270044,89.887563824,1
fire_0873.jpg,133.383568,71.299936,48.403584,47.224435323139396,23.407105040903797,87.25275784,1
fire_0874.jpg,132.203248,108.66904,93.513552,46.53854336193276,31.09826364089159,113.97804255999999,1
fire_0875.jpg,89.138144,42.351024,14.192448,65.09654851246158,46.0450509626325,53.130295216,1
fire_0876.jpg,183.637088,100.98368,39.951216,81.04732705574105,64.9038172502789,118.73934809599999,1
fire_0877.jpg,132.354336,62.127488,11.544544,58.12942289408269,46.58422706034582,77.35885993599999,1
fire_0878.jpg,127.006336,122.077664,122.545664,42.080563397548566,37.04988961256301,123.60468892799999,1
fire_0879.jpg,133.508464,69.688704,35.551632,56.27399492092865,32.31505145903971,84.879186032,1
fire_0880.jpg,130.833936,127.718288,126.71264,63.46415144589821,58.83755873886217,128.53522288,1
fire_0881.jpg,112.57592,40.196992,11.822672,57.9998265872718,44.80019582716058,58.603618991999994,1
fire_0882.jpg,99.805984,32.371552,7.628496,55.47029321890902,35.511179494791435,49.71373878399999,1
fire_0883.jpg,94.483056,30.793552,3.059616,60.31118145834041,30.755745661962024,46.675044992,1
fire_0884.jpg,128.110016,74.433792,29.015088,77.46987951765347,55.409691431199434,85.30525072,1
fire_0885.jpg,126.739072,61.450944,27.124144,74.4604125463915,69.10547817292681,77.058839072,1
fire_0886.jpg,71.614864,20.280816,1.818304,60.645361556029194,23.20769885995042,33.524969983999995,1
fire_0887.jpg,126.04952,61.998368,25.88656,82.28082116611137,69.52592677078512,77.032916336,1
fire_0888.jpg,54.466272,22.83488,9.456,49.60597865602508,26.052559171520944,30.767473888,1
fire_0889.jpg,95.030512,29.139584,5.720928,79.18793209206726,36.8806499442044,46.171244688,1
fire_0890.jpg,115.148592,96.990896,79.229824,71.25609352481749,50.88838481537004,100.39528489599998,1
fire_0891.jpg,105.061024,109.785536,96.943888,53.32391302287768,54.28731937748174,106.90895903999998,1
fire_0892.jpg,156.42264,100.198288,98.498832,82.94575219642293,64.3411325504071,116.815631264,1
fire_0893.jpg,139.982384,87.085008,93.350128,79.04744434626932,61.20642755168721,103.615547104,1
fire_0894.jpg,132.676096,54.25544,22.790416,69.2845089626735,47.70191591966093,74.11620340799999,1
fire_0895.jpg,129.502496,53.88808,22.538656,68.64793644218291,49.68647946789549,72.92295604799999,1
fire_0896.jpg,144.842352,64.688384,26.620864,64.19670741640957,42.94998895772319,84.31472315200001,1
fire_0897.jpg,137.316016,93.086576,68.240528,56.386501557444966,45.32812575649058,103.478729088,1
fire_0898.jpg,155.67656,76.6196,51.880208,69.28838086264102,68.84117546817457,97.43734035199999,1
fire_0899.jpg,145.611632,55.723872,34.697872,63.97618758801259,50.989446842730274,80.20334824000001,1
fire_0900.jpg,112.556592,74.554336,58.097024,67.40893647985803,41.573966560807065,84.04087697599999,1
fire_0901.jpg,119.207888,52.967296,12.256176,63.73868500823857,47.24189583884609,68.132165328,1
fire_0902.jpg,100.197056,41.819792,13.389424,61.46410504459383,41.4310599077158,56.033531984,1
fire_0903.jpg,94.394928,39.60992,12.870208,61.84519809875958,41.26232409345843,52.94231022399999,1
fire_0904.jpg,126.120432,70.575968,70.385152,68.62675262704317,39.61617130494788,87.162009712,1
fire_0905.jpg,107.813232,91.109376,78.607168,47.40430543436088,55.704974040839694,94.67857723200001,1
fire_0906.jpg,69.988096,26.124352,9.35528,66.36179589413463,38.63896883432704,37.327937248000005,1
fire_0907.jpg,110.536336,67.680368,20.530704,78.95471658929,49.59610012273723,75.11924073599998,1
fire_0908.jpg,119.892928,50.754736,28.920272,78.5553040830905,66.9593060117136,68.93792651199999,1
fire_0909.jpg,118.048,114.687216,117.535712,60.187414498381635,66.94276270194817,116.01681896,1
fire_0910.jpg,145.216384,47.512016,12.203968,89.24640672858793,70.15580625732801,72.70050456,1
fire_0911.jpg,170.418912,135.886736,134.73328,72.48254543499597,59.58214540670975,146.08036263999998,1
fire_0912.jpg,160.927152,73.688912,65.046096,60.87195128438792,30.105180023648025,98.787864736,1
fire_0913.jpg,122.540416,102.13048,69.901744,72.06673739352257,73.44697972666813,104.55897495999997,1
fire_0914.jpg,139.448976,144.751296,151.121552,42.37773156448353,40.49813707222079,143.892111504,1
fire_0915.jpg,91.934768,88.30104,93.153728,60.16197643683405,60.109944193273044,89.94073110400001,1
fire_0916.jpg,166.051072,146.912512,172.442176,55.017056697453526,54.74900395303879,155.54532313599998,1
fire_0917.jpg,152.872256,129.092288,128.931936,21.079232658483186,14.81386576572962,136.184218304,1
fire_0918.jpg,103.907344,108.874144,113.016592,32.34695569703065,29.602793386220565,107.86130987199999,1
fire_0919.jpg,156.478928,112.405328,84.04472,61.043324843678164,59.0739464502958,122.350225088,1
fire_0920.jpg,124.296688,56.399008,54.43936,74.52483199733264,56.155653897144994,76.477014448,1
fire_0921.jpg,132.496368,121.826992,119.66944,37.727297316513095,39.81887879174822,124.77117449599999,1
fire_0922.jpg,93.517328,65.208064,30.457776,48.79857706675898,41.23103303789397,69.711001104,1
fire_0923.jpg,125.767616,121.4064,112.485168,54.17966509380197,56.38319940407781,121.69338313599998,1
fire_0924.jpg,84.642336,83.81632,94.999712,24.67673001965828,20.242126115050265,85.33820547199998,1
fire_0925.jpg,180.80264,63.192976,18.702896,53.73702225682402,25.958333233538397,93.28639641599999,1
fire_0926.jpg,170.008928,93.21448,69.533344,55.24338367886978,35.26984069044826,113.47637044800001,1
fire_0927.jpg,189.876688,85.96888,52.687712,53.97566542573288,37.778587897717934,113.24326144,1
fire_0928.jpg,170.603392,131.50592,123.982816,41.50307301989018,44.650130178461964,142.33843027199998,1
fire_0929.jpg,152.133888,110.267952,82.61592,62.902118454019146,58.78209817389726,119.63353521599998,1
fire_0930.jpg,106.24072,73.963408,55.731888,58.97837941043819,30.752122610082317,81.53593100799999,1
fire_0931.jpg,84.134992,90.419264,109.004672,47.55225674097851,42.72722965157352,90.65900318399999,1
fire_0932.jpg,31.362656,7.024624,1.711536,29.261524236199044,16.531748415053503,13.696003536,1
fire_0933.jpg,133.713936,126.523328,138.284096,25.621685959122676,26.15444619571242,130.01404734399998,1
fire_0934.jpg,96.60856,85.95144,79.591456,39.49854932432836,35.07184389116717,88.412880704,1
fire_0935.jpg,98.971456,86.090976,100.42448,42.4764358349434,29.07802048571092,91.576258976,1
fire_0936.jpg,69.533744,29.048928,9.094832,75.64000696286631,32.4006109518141,38.87912104,1
fire_0937.jpg,83.7104,36.967056,11.745728,84.90826864234131,43.89956631554421,48.068084464,1
fire_0938.jpg,116.119136,82.599184,82.90848,47.668242663365554,24.26456516268412,92.65690939199999,1
fire_0939.jpg,114.34184,47.050624,30.105696,52.46319724735045,33.37399558354714,65.23897579199999,1
fire_0940.jpg,61.483056,64.356368,105.468288,42.315445701314125,13.679210278688458,68.18400659199999,1
fire_0941.jpg,93.307664,60.187504,38.194528,51.158976835577,34.38577604548113,67.58323257599999,1
fire_0942.jpg,68.428032,32.02856,24.5964,45.101888792011536,25.44559310227215,42.064735887999994,1
fire_0943.jpg,78.452048,31.508048,9.353296,69.52112603091018,38.47576753269122,43.018662272,1
fire_0944.jpg,132.8988,87.623328,85.335584,84.52844831510869,57.906582477335135,100.89989131200001,1
fire_0945.jpg,164.559088,166.318224,175.768896,52.87130469931923,49.259318686780716,166.869618944,1
fire_0946.jpg,176.050272,119.455856,79.143232,51.188525283758814,39.66657055137568,131.781947248,1
fire_0947.jpg,38.059952,29.51984,32.152256,35.192699324685165,23.238234837749616,32.373428912,1
fire_0948.jpg,122.161952,48.994864,19.013088,45.77454292016137,16.677125580312214,67.45390084799999,1
fire_0949.jpg,184.580128,172.139888,148.8604,68.21764695079725,76.34100444287759,173.20565812799998,1
fire_0950.jpg,72.559488,40.568784,32.888528,78.69872800228639,45.939748592709385,49.258455312,1
nofire_0001.jpg,151.846464,81.245232,59.789552,65.8135554023387,23.490355579815645,99.90905284799999,0
nofire_0002.jpg,96.99168,138.47168,185.208176,44.00156682184851,29.998375655651756,131.397120544,0
nofire_0003.jpg,121.392816,167.84616,228.776352,23.01694574851633,30.005753535853753,160.902652032,0
nofire_0004.jpg,99.257584,143.056896,145.758976,39.898505266274626,49.24623026024616,130.26893883199998,0
nofire_0005.jpg,102.134432,110.662512,109.05736,70.26026660949542,73.71943053123685,107.92962875199999,0
nofire_0006.jpg,113.239776,146.69384,141.371232,68.05981424798208,69.63519554115146,136.08429755199998,0
nofire_0007.jpg,74.545248,132.968816,134.662176,45.08470694834886,53.98548430419184,115.693212208,0
nofire_0008.jpg,113.307296,137.605376,133.067856,59.528113435320485,69.67964626703142,129.82297279999997,0
nofire_0009.jpg,103.52992,127.968384,140.992224,83.47374648830373,58.76229669123344,122.146001024,0
nofire_0010.jpg,86.657952,135.798352,140.114528,54.740170507276424,62.44384967379971,121.59741646399999,0
nofire_0011.jpg,75.580512,108.800736,159.718496,64.10077314524261,54.562593540431195,104.672513664,0
nofire_0012.jpg,54.786704,76.08704,90.374416,55.03962987535785,50.74070657803653,71.34700039999998,0
nofire_0013.jpg,82.898816,119.182496,121.96664,49.93466645325814,50.12540855903305,108.65106809599999,0
nofire_0014.jpg,110.738784,89.427808,24.724544,62.72738877238032,42.79608080554966,88.423617728,0
nofire_0015.jpg,145.695008,161.658256,155.999376,59.68322595068011,60.27833437511744,156.240132528,0
nofire_0016.jpg,108.433408,121.3756,68.336656,68.96222337994575,65.1782304503582,111.459444976,0
nofire_0017.jpg,108.151856,108.339456,96.393808,54.86432250338342,54.402024977238334,106.92155972799999,0
nofire_0018.jpg,72.468432,80.004016,85.880288,85.457800834455,83.25957982041312,78.420771392,0
nofire_0019.jpg,120.074048,121.533488,96.082768,44.261506762577525,46.945131020733726,118.19573335999999,0
nofire_0020.jpg,123.260864,130.207072,79.3004,50.25726564362117,49.83529545600002,122.32679519999999,0
nofire_0021.jpg,100.812032,109.460304,108.551072,67.49001677308264,66.99465393766567,106.770818224,0
nofire_0022.jpg,111.11352,120.210608,75.793344,50.46392288763924,49.040705829650705,112.42701059199999,0
nofire_0023.jpg,120.9972,124.349872,87.749488,46.19309983276723,45.765547277221714,119.174979296,0
nofire_0024.jpg,105.317648,117.674336,139.544576,84.67664374399884,79.05498536435957,116.472893648,0
nofire_0025.jpg,110.798736,112.540592,92.241056,49.917843431004755,51.14209475852095,109.705629952,0
nofire_0026.jpg,73.47688,67.02144,37.348848,61.66141919762795,46.42928718305289,65.568941072,0
nofire_0027.jpg,68.45592,71.970704,31.973632,31.438309257235826,31.678745267835087,66.36011737599999,0
nofire_0028.jpg,77.994416,74.858736,65.062,77.19238377468949,73.99786697251687,74.679476416,0
nofire_0029.jpg,53.537952,55.794304,50.568288,34.81148430684472,35.31816293574149,54.523888928,0
nofire_0030.jpg,44.999344,46.606944,27.983568,40.12266570866976,37.858185944137155,44.003206736,0
nofire_0031.jpg,48.626032,55.777808,58.5988,50.720347987124214,54.33310142735398,53.961020063999996,0
nofire_0032.jpg,113.877984,119.725344,125.513856,80.00450742361798,38.6082903542965,118.63687372799998,0
nofire_0033.jpg,40.56176,45.238912,48.82752,62.98377170114855,66.60384908589185,44.249544864,0
nofire_0034.jpg,64.26048,97.687216,58.087568,33.64745110955063,42.819304877232,83.178262064,0
nofire_0035.jpg,44.881424,58.195248,38.36776,39.428599210880215,44.3421735847319,51.954080992,0
nofire_0036.jpg,87.425392,83.97504,62.691312,69.49754448645172,68.82535359152469,82.580350256,0
nofire_0037.jpg,60.188128,79.460176,66.208464,43.23656748466067,50.84142372169592,72.18713847999999,0
nofire_0038.jpg,65.342032,70.973328,40.268224,36.41965126289619,39.80220989598964,65.78918864,0
nofire_0039.jpg,75.249568,97.240544,89.321968,55.41005500640994,52.42984244286897,89.76252451200001,0
nofire_0040.jpg,75.322976,75.829696,42.944304,34.95711805202803,31.731984440743446,71.92925203200001,0
nofire_0041.jpg,88.216976,90.878448,44.55056,38.473659059354155,40.04475327819234,84.80128864,0
nofire_0042.jpg,68.378016,84.033072,79.010752,50.244971249904644,59.699818242962984,78.77966577599999,0
nofire_0043.jpg,73.77368,138.636416,105.377056,56.49057885397883,47.361305373426354,115.450890896,0
nofire_0044.jpg,68.260256,78.720112,63.062112,42.6015651685999,44.46921000768347,73.80760305599999,0
nofire_0045.jpg,112.426544,115.4608,73.702224,36.89878648703862,39.43397214788285,109.793079792,0
nofire_0046.jpg,72.935936,92.7044,55.486528,61.02082234617872,57.99320122773013,82.55079185599999,0
nofire_0047.jpg,95.991344,104.455616,56.805104,46.73779152969964,40.478212189529124,96.49264030399999,0
nofire_0048.jpg,77.068256,80.728992,49.705088,41.76850963487282,42.819842440905084,76.09770687999999,0
nofire_0049.jpg,63.865152,81.888656,62.625712,51.41743634232357,45.391866435669556,74.303652688,0
nofire_0050.jpg,35.396736,41.871072,35.489408,32.856827487545175,38.40669172905701,39.20773584,0
nofire_0051.jpg,131.996864,105.992432,77.287104,41.09529790822186,35.711781231484046,110.495349776,0
nofire_0052.jpg,66.871744,94.498608,43.074096,34.00356073117143,39.341937904256014,80.37578129599999,0
nofire_0053.jpg,60.16416,91.688336,56.921072,30.097903107930957,36.574230512084654,78.29913928,0
nofire_0054.jpg,85.693536,108.140336,30.832912,54.140683702893,62.84661303369581,92.61569646399998,0
nofire_0055.jpg,100.444384,123.1488,84.9512,35.453077424400604,37.434536387672814,112.00565321599998,0
nofire_0056.jpg,86.296768,94.335696,96.564512,81.50739505562778,83.1751331841169,92.186141552,0
nofire_0057.jpg,125.848208,129.244288,76.676128,62.94815250020238,58.63109621500399,122.23608983999999,0
nofire_0058.jpg,120.620048,143.010096,72.2272,42.384343577289194,38.920125103483215,128.246221504,0
nofire_0059.jpg,160.225296,140.962912,74.107456,58.94531982873945,53.74702671292856,139.10084283199998,0
nofire_0060.jpg,109.705664,104.867952,72.218256,53.971504984751945,50.6475531820215,102.592362544,0
nofire_0061.jpg,90.572128,69.868992,56.461376,56.52015369363052,42.93646828634064,74.53076143999999,0
nofire_0062.jpg,169.175424,54.032224,48.412288,55.2238563885231,45.0004076605293,87.819368096,0
nofire_0063.jpg,108.374384,106.802528,59.40544,40.51933124596881,32.8436808657193,101.869244912,0
nofire_0064.jpg,106.384,103.723376,64.47416,43.583106451926994,37.58792922152834,100.04449195199999,0
nofire_0065.jpg,112.17824,113.573744,81.848576,45.32022178346438,42.4533877308097,109.53981915199998,0
nofire_0066.jpg,138.265216,140.960048,98.502336,36.51613556324579,36.39420068963867,135.31411406400002,0
nofire_0067.jpg,118.339056,124.481424,78.889712,38.845193074933526,36.79954422180013,117.44740079999998,0
nofire_0068.jpg,125.218448,128.908352,86.47872,39.29880701078974,37.005368484101005,122.96809265600001,0
nofire_0069.jpg,103.937136,97.866992,71.624704,64.71846945128958,56.50922010496992,96.690344224,0
nofire_0070.jpg,116.099152,117.083504,73.583024,50.5030854590182,49.7999786654772,111.830128032,0
nofire_0071.jpg,87.132672,98.723632,77.872816,58.33094820196579,56.32727613446771,92.880941936,0
nofire_0072.jpg,100.185184,112.049312,96.681472,69.495164341745,71.86531736746632,106.750003968,0
nofire_0073.jpg,115.140912,120.8316,75.530112,50.43541073301829,50.89630565610828,113.96571465599999,0
nofire_0074.jpg,136.545808,136.277344,98.825792,61.874320857906284,61.022373932072355,132.088137808,0
nofire_0075.jpg,97.65496,100.891296,90.485664,72.13277271392248,73.18379924163806,98.737389488,0
nofire_0076.jpg,101.596608,105.230448,61.3972,38.008878474566124,35.05469414670874,99.14693956800001,0
nofire_0077.jpg,88.089056,98.280816,71.902944,63.415792394551566,57.850737094475676,92.226402352,0
nofire_0078.jpg,99.829664,99.482688,65.8496,35.15517568789984,33.851988483612836,95.752261792,0
nofire_0079.jpg,119.911856,117.525744,86.706176,35.366345904479076,33.17797717231211,114.725760736,0
nofire_0080.jpg,113.387312,113.347664,81.701776,25.772432198274497,26.603850731484417,109.75188752,0
nofire_0081.jpg,123.6364,124.887056,92.063456,29.88524885357323,27.21532442674281,120.771219456,0
nofire_0082.jpg,77.945744,85.012864,60.750944,27.765304109381983,25.944713421379394,80.13393624,0
nofire_0083.jpg,118.9252,119.784784,107.8952,55.25577375225144,54.57058022481843,118.17235580799999,0
nofire_0084.jpg,99.115248,101.523664,81.870624,26.20934882629662,25.88338339582181,98.563101056,0
nofire_0085.jpg,110.316672,121.904288,111.7788,29.520980045459467,29.657809346157986,117.28528518399999,0
nofire_0086.jpg,89.615888,117.096992,137.214112,35.43401159862451,47.78817527958079,111.17349358399998,0
nofire_0087.jpg,106.916528,111.363104,75.57616,66.41383898273925,66.32624068560786,105.95386615999999,0
nofire_0088.jpg,110.058272,115.481344,103.878464,70.28524394475711,69.176089423685,112.53711715199998,0
nofire_0089.jpg,119.290448,124.50848,104.15048,71.45163897321947,69.62636311117794,120.62747643199998,0
nofire_0090.jpg,127.666208,129.746032,96.656496,31.864852218404152,31.802786737249548,125.35195752,0
nofire_0091.jpg,127.92928,129.698784,104.797456,26.13493643921102,27.34389505760553,126.330950912,0
nofire_0092.jpg,132.450208,129.177616,106.32416,29.893699148093667,30.677562167756157,127.55082702399999,0
nofire_0093.jpg,117.32744,124.527024,107.272752,54.93326131813403,52.55469339367726,120.407361376,0
nofire_0094.jpg,118.252176,122.504096,87.499296,57.695041097697676,57.891951765532866,117.24222472,0
nofire_0095.jpg,113.579936,108.4148,75.301888,43.2479714464841,45.201377909970844,106.184303696,0
nofire_0096.jpg,140.291056,142.82808,95.684848,47.23011215744532,46.075184769174825,136.695181376,0
nofire_0097.jpg,93.384864,96.482368,70.072544,51.46590894661731,51.553330766426484,92.545494368,0
nofire_0098.jpg,123.798752,127.538304,83.248848,41.43506856809213,41.03537192232555,121.37117996799999,0
nofire_0099.jpg,131.343696,137.627808,104.469104,49.880752851772236,49.546718812804706,131.96876625599998,0
nofire_0100.jpg,133.019424,130.444496,108.33232,44.21413066778792,50.47313938429017,128.69361140799998,0
nofire_0101.jpg,86.312064,77.794832,79.791728,37.07747251445147,27.959541092295776,80.569130512,0
nofire_0102.jpg,111.090048,110.296256,112.027648,69.78201868216264,68.50573844855965,110.73097849599999,0
nofire_0103.jpg,131.167808,116.2984,90.1104,59.46428037465127,50.980403268707086,117.758920992,0
nofire_0104.jpg,122.05216,132.450544,59.982464,57.3535257097103,39.774523329690126,121.080066064,0
nofire_0105.jpg,76.865232,79.367424,50.692592,51.31290205772984,49.266120525207015,75.350337744,0
nofire_0106.jpg,98.252816,121.882304,57.79256,83.08011499793524,77.95589996691452,107.51085627199998,0
nofire_0107.jpg,103.778448,127.113184,91.170592,33.12421788829581,34.49758190630387,116.03864244799999,0
nofire_0108.jpg,74.056288,117.275632,47.858384,49.891862258900055,46.75524641150527,96.43948187199997,0
nofire_0109.jpg,164.992912,199.652896,172.154048,74.64466500534553,61.48652820588575,186.154692112,0
nofire_0110.jpg,89.899968,103.580576,79.551792,64.17399954497908,61.29037499891989,96.75079283199999,0
nofire_0111.jpg,107.03096,121.365744,79.946976,66.91479084237206,65.03303264746665,112.35790403200001,0
nofire_0112.jpg,106.004752,125.635616,51.97232,76.52740179451081,75.63218822895807,111.36837191999999,0
nofire_0113.jpg,100.526176,118.20544,87.922768,82.51178690839888,78.7942006140452,109.46711545599999,0
nofire_0114.jpg,95.116736,107.662512,102.943616,71.75565541966922,72.71359095691709,103.37337083200002,0
nofire_0115.jpg,51.81744,82.207472,75.682848,33.84026784537025,46.74569613739019,72.377045296,0
nofire_0116.jpg,131.65768,128.444496,118.90024,66.56631016526002,71.07387148105825,128.317192832,0
nofire_0117.jpg,74.36288,99.173264,97.988688,64.25058516547223,57.71520461357045,91.61991752000002,0
nofire_0118.jpg,81.026832,95.27624,96.983184,46.51095836513988,50.080324873770536,91.21025862400002,0
nofire_0119.jpg,77.643424,81.403328,56.109248,61.548486167867885,58.38309658218221,77.395591584,0
nofire_0120.jpg,68.98088,84.342144,53.44016,60.90675209224015,58.91544118041775,76.226299888,0
nofire_0121.jpg,101.697888,134.929088,117.356448,53.78534127752148,60.88462633118689,122.98967824,0
nofire_0122.jpg,79.212528,96.785984,79.280176,41.35204836340294,41.10384144032944,89.53585854399999,0
nofire_0123.jpg,103.616976,113.77704,121.526816,81.77994842634364,75.4010705549888,111.622655328,0
nofire_0124.jpg,90.357936,123.734496,82.149376,49.70157335356602,63.03894139042933,109.01420087999999,0
nofire_0125.jpg,101.043344,121.129552,96.383872,60.58716611046983,59.448535594069064,112.30276828799998,0
nofire_0126.jpg,83.631632,140.441968,98.240368,46.32077789736023,58.57911471067974,118.644695136,0
nofire_0127.jpg,114.946336,137.717632,56.273152,66.56691887247827,67.34702021851135,121.62434377599998,0
nofire_0128.jpg,135.941792,104.568816,33.240672,69.95584072705249,60.07956711194034,105.81792740799999,0
nofire_0129.jpg,107.204432,131.654048,112.700144,63.24275022132874,64.6011308663687,122.18286776,0
nofire_0130.jpg,83.70848,102.794384,59.696816,75.63406010581211,72.25194570432373,92.174575952,0
nofire_0131.jpg,139.877456,127.410112,54.478752,57.633893144295435,47.28172044403055,122.82367281599998,0
nofire_0132.jpg,98.115408,99.095488,89.430736,64.99637067555031,51.186170027086966,97.700662352,0
nofire_0133.jpg,117.013888,135.73272,156.74448,64.47426896928306,64.20126678969505,132.53112987199998,0
nofire_0134.jpg,28.124304,86.458,117.911216,55.38554920297879,55.89021993157658,72.60189152,0
nofire_0135.jpg,83.304592,92.203072,82.26392,59.566789469582254,69.29797833820851,88.409363152,0
nofire_0136.jpg,134.368672,112.333136,79.970288,96.62128635531829,102.89224412172915,115.232396592,0
nofire_0137.jpg,79.860064,109.180048,92.540688,43.071140429711214,42.1886667094102,98.51648574400001,0
nofire_0138.jpg,62.476368,56.72856,44.90312,69.98654180289647,67.75462434643408,57.099054431999996,0
nofire_0139.jpg,121.1396,121.581472,113.368384,83.9068982136749,75.49044190037051,120.51306024,0
nofire_0140.jpg,105.552096,115.227904,102.098912,73.86020171923973,75.31961526565829,110.83813232,0
nofire_0141.jpg,47.168784,59.913552,32.104032,43.74388304621966,46.207074423115074,52.93258108799999,0
nofire_0142.jpg,78.630976,97.046704,107.985472,75.9380329300636,75.24684165289851,92.78742088,0
nofire_0143.jpg,110.408944,116.686352,68.088912,81.4322932306641,72.12289828433198,109.26929884799999,0
nofire_0144.jpg,117.811408,83.427344,55.96744,59.45296656229642,73.3306478977628,90.57775008,0
nofire_0145.jpg,52.96224,89.381152,123.512768,45.92766711016792,71.1111956526741,82.38290153599999,0
nofire_0146.jpg,79.806816,71.624704,56.60472,71.1728808461632,71.03961588376153,72.358877312,0
nofire_0147.jpg,86.36896,62.658992,28.21456,47.31710520011131,43.282763515560504,65.821607184,0
nofire_0148.jpg,63.501632,108.421264,83.157776,58.76297131133327,57.767017515553846,92.1102564,0
nofire_0149.jpg,103.712944,116.230512,94.081376,77.65029287036117,77.51050530229986,109.96275766400001,0
nofire_0150.jpg,83.372176,91.957232,80.73024,58.05281895847112,67.55370991217416,88.110423168,0
nofire_0151.jpg,97.928976,116.924512,116.948784,83.28059420772298,79.08193420473387,111.24761374399999,0
nofire_0152.jpg,106.762624,134.349504,163.146816,72.72830868812105,71.84280210956406,129.383920448,0
nofire_0153.jpg,67.28248,77.002944,87.1652,35.81000749859737,37.47978729038979,75.25502244799998,0
nofire_0154.jpg,85.466592,94.063488,86.828656,72.16000213349177,76.38523439300201,90.66824524799999,0
nofire_0155.jpg,91.108144,103.197344,82.024384,41.16678273651299,41.03246284767299,97.16895575999999,0
nofire_0156.jpg,86.004144,97.104816,79.439424,63.078918180540036,68.0227042509054,91.77186038400001,0
nofire_0157.jpg,110.34168,130.707648,117.055888,51.293218331253115,52.210786953541465,123.061922928,0
nofire_0158.jpg,93.368208,107.840592,77.492496,67.05971636436242,66.00406203476825,100.05366624,0
nofire_0159.jpg,92.4348,116.681296,126.985424,56.48908387432036,64.62154919034658,110.60626428799999,0
nofire_0160.jpg,92.19184,102.1432,92.918944,53.14753952361671,57.75843520872081,98.11617817599999,0
nofire_0161.jpg,89.500352,103.022688,104.796576,65.13520964790162,69.10469805486929,99.18173276799999,0
nofire_0162.jpg,74.501712,89.103808,63.828432,64.3114318692179,61.12732135386872,81.856388432,0
nofire_0163.jpg,116.83336,127.367728,85.256848,89.89507603373168,87.30442788380218,119.41731164800001,0
nofire_0164.jpg,87.294128,88.602944,77.4064,59.017758147184956,59.91982385265217,86.935202,0
nofire_0165.jpg,43.793424,52.317344,43.3508,42.53848815315636,42.13860250157406,48.746505903999996,0
nofire_0166.jpg,76.26376,84.336752,80.257184,56.74432410966229,55.54929880827026,81.45785663999999,0
nofire_0167.jpg,72.515472,85.625008,60.626272,45.55685011737769,46.08488833663304,78.85540083199999,0
nofire_0168.jpg,52.227712,69.983952,56.85736,49.10770777836262,45.001650263759174,63.17840475199999,0
nofire_0169.jpg,52.2668,58.84632,55.331216,39.47824233372099,36.38781969914658,56.47832166399999,0
nofire_0170.jpg,42.726448,70.072048,48.803488,51.84439673969884,61.33795987058663,59.47109775999999,0
nofire_0171.jpg,46.818656,60.84064,45.909952,57.6939481952281,59.84836449219309,54.945968351999994,0
nofire_0172.jpg,49.968368,66.254192,56.709024,56.8487853117072,56.25831688228094,60.29658147199999,0
nofire_0173.jpg,52.037776,60.293952,32.520736,55.478805727717535,54.380875390358476,54.659208752000005,0
nofire_0174.jpg,36.607088,49.09928,22.583184,32.861387009075806,36.53034792445317,42.341279648,0
nofire_0175.jpg,109.914464,128.684592,111.84288,46.35632508722735,45.22365316727007,121.15236855999999,0
nofire_0176.jpg,95.392272,114.427072,102.11112,61.40895331039291,64.92818858944716,107.331648272,0
nofire_0177.jpg,59.368416,73.633424,68.598464,72.80202951601655,73.96072670029835,68.79420116799999,0
nofire_0178.jpg,103.772176,124.385344,104.968288,75.92477087370777,64.42514482716872,116.008462384,0
nofire_0179.jpg,131.904144,130.491888,99.571456,67.37533824499336,49.498517616141356,127.389223296,0
nofire_0180.jpg,89.044288,67.165504,24.87232,56.2438595277125,47.570159390378166,68.88583744,0
nofire_0181.jpg,154.99808,138.801872,76.922288,63.103457879212925,51.227609365415596,136.590265616,0
nofire_0182.jpg,78.76832,97.619136,50.794016,68.41909198738024,71.15277826349092,86.644678336,0
nofire_0183.jpg,134.757008,117.970384,87.943808,73.15500919887808,74.72957627935905,119.566554912,0
nofire_0184.jpg,114.03928,79.234816,52.260672,59.24294315006303,72.874323800953,86.56629831999999,0
nofire_0185.jpg,50.151424,53.47792,38.68064,37.343944927822285,41.612073349853645,50.796407775999995,0
nofire_0186.jpg,112.804896,120.320416,98.564288,51.10542748504491,51.16530970869759,115.593076928,0
nofire_0187.jpg,64.713984,64.08664,54.062208,64.0909809789782,64.81042358687684,63.131430607999995,0
nofire_0188.jpg,142.3048,114.182656,82.88856,75.97880289238572,71.76681581891218,119.02365011199998,0
nofire_0189.jpg,102.318848,97.91816,49.727536,65.23566828011265,58.77402805844092,93.74023457599999,0
nofire_0190.jpg,132.844624,131.90936,69.75112,79.9733253672662,52.939491425498225,125.10296457599999,0
nofire_0191.jpg,69.434416,86.050176,34.001472,57.75106249013038,61.4375885787278,75.148511504,0
nofire_0192.jpg,95.181504,86.18368,34.037024,78.56623529416427,67.61236565642118,82.92931059200001,0
nofire_0193.jpg,74.270864,67.91376,67.520688,43.410080588424435,45.69543157321528,69.769723888,0
nofire_0194.jpg,96.373744,94.36464,49.857024,59.07161168803899,57.07899955036353,89.891493872,0
nofire_0195.jpg,95.007808,102.570672,86.148752,62.27640994016222,63.624461816729074,98.43727678399999,0
nofire_0196.jpg,160.796352,128.433952,92.473264,62.28071213057937,61.701826793553664,134.010791168,0
nofire_0197.jpg,75.995856,95.178672,79.753024,33.633542287830224,42.81167500012602,87.68448614399999,0
nofire_0198.jpg,94.87344,101.631952,86.7592,57.31776756439839,60.87210103709002,97.915663184,0
nofire_0199.jpg,100.913792,89.994416,40.95928,60.60901867033269,51.89014597029906,87.66930392,0
nofire_0200.jpg,67.489584,85.598624,37.707904,39.41901961625814,46.05898845292441,74.72447896,0
nofire_0201.jpg,63.98408,67.364512,35.277488,40.95599964051176,45.59508739987079,62.695842096,0
nofire_0202.jpg,74.7588,80.78752,49.606448,52.43324638585713,53.42715508287522,75.430290512,0
nofire_0203.jpg,107.70256,122.575632,90.40336,40.68120639123673,42.092356263347575,114.460944464,0
nofire_0204.jpg,82.806064,83.398336,73.96416,49.348897017338736,48.809328129273645,82.145750608,0
nofire_0205.jpg,74.177952,95.754992,43.429392,55.733210898760326,51.01554417116352,83.33833863999999,0
nofire_0206.jpg,68.464496,93.15992,49.111248,39.13906983393938,44.2036618572896,80.754439616,0
nofire_0207.jpg,58.674272,77.99784,35.352128,56.18292934041457,54.85702707342424,67.358482,0
nofire_0208.jpg,81.01168,105.770048,83.35176,69.8383103430889,64.95744639437187,95.811611136,0
nofire_0209.jpg,71.64384,79.77224,82.397504,49.60989447735603,48.735102558447544,77.641128496,0
nofire_0210.jpg,82.048592,100.8628,48.069424,56.48592963577334,50.9376494958297,89.21890694400001,0
nofire_0211.jpg,82.123296,91.007312,69.195104,52.95021116196218,59.78774665878164,85.86439950399999,0
nofire_0212.jpg,64.540144,76.513232,49.071872,57.812160143513616,58.89409451646384,69.804963648,0
nofire_0213.jpg,75.392384,87.985808,43.995792,49.442493978323384,57.48507290233818,79.2055124,0
nofire_0214.jpg,87.081712,83.527296,66.174784,54.48448758269693,62.5574864498917,82.611880016,0
nofire_0215.jpg,89.358048,109.859536,78.389888,41.624330500678276,41.00237453934472,100.142051216,0
nofire_0216.jpg,161.203584,112.17608,78.753824,50.93917998510522,63.641917663074864,123.025166512,0
nofire_0217.jpg,85.262656,108.242432,50.107856,45.04726482069321,52.15384575201887,94.744137312,0
nofire_0218.jpg,150.355408,98.163328,42.528384,56.17919904336067,58.359284265354184,107.42637630399999,0
nofire_0219.jpg,142.446384,98.337728,81.236752,63.80491333216075,71.63789893483766,109.57670488,0
nofire_0220.jpg,94.366736,87.351744,54.822304,42.497921463364584,41.42021327997315,85.740870448,0
nofire_0221.jpg,149.739504,122.993936,99.026992,75.78368984045304,84.10788545212573,128.258629216,0
nofire_0222.jpg,97.293136,79.863872,54.27,31.88858565828068,29.510592490961887,82.15752052799999,0
nofire_0223.jpg,132.960096,117.794352,81.34032,44.702816104478075,43.84169555229469,118.17314980799998,0
nofire_0224.jpg,115.8912,106.422624,63.267248,70.91783032890952,68.07233268336428,104.33401536,0
nofire_0225.jpg,119.40304,119.509232,118.464464,61.04140174306615,58.692009905694796,119.35837704,0
nofire_0226.jpg,89.724384,116.175952,103.38016,50.88978054403992,66.19113488144538,106.80821288,0
nofire_0227.jpg,40.290752,61.132256,60.615552,47.23523133503736,55.785472341376334,54.841742048,0
nofire_0228.jpg,47.865632,59.998512,49.805696,42.780263781802184,46.04946676983194,55.20879985599999,0
nofire_0229.jpg,152.926416,186.820976,178.750272,87.80714819076488,77.91974269982816,175.76644230399995,0
nofire_0230.jpg,88.13912,87.56072,82.439984,65.1103210683652,76.49231224823578,87.149897696,0
nofire_0231.jpg,72.581184,68.506928,54.81488,46.757451268842104,47.04012244885015,68.16423707199999,0
nofire_0232.jpg,64.880144,67.261632,54.617168,31.023337063237797,36.7651060204724,65.108098192,0
nofire_0233.jpg,100.781792,106.009632,94.791968,73.934355757447,71.66002782042843,103.167694144,0
nofire_0234.jpg,88.28648,82.904704,83.430896,59.94152344752009,59.51341447667395,84.573840912,0
nofire_0235.jpg,102.442896,105.042224,95.532752,35.374257577130635,38.970543864999165,103.18094511999999,0
nofire_0236.jpg,46.902432,74.835312,46.859984,51.12374274723415,57.85689626883433,63.294193488,0
nofire_0237.jpg,98.456928,109.330496,91.612288,70.0593242388393,69.58206910112679,104.059423456,0
nofire_0238.jpg,92.807648,101.032368,76.055792,58.90230902696512,62.91513566950783,95.72584705599999,0
nofire_0239.jpg,113.896912,126.0948,104.920864,66.12040880744958,66.13021304184646,120.03380278399997,0
nofire_0240.jpg,126.359136,130.813392,98.619456,49.03421284504834,49.25969786198791,125.811460752,0
nofire_0241.jpg,106.26488,120.766912,99.587392,54.61184925074045,54.58022651092844,114.016339152,0
nofire_0242.jpg,89.861744,105.827616,57.855312,61.257529343571015,50.203254194888046,95.584977616,0
nofire_0243.jpg,137.36952,129.880464,99.58944,34.2465673457881,45.69786900003877,128.66651500799998,0
nofire_0244.jpg,57.5668,108.594496,101.53504,38.6330354199615,37.68835510480636,92.532436912,0
nofire_0245.jpg,37.805184,39.99696,25.763424,28.54311431372099,31.965428180432685,37.718995871999994,0
nofire_0246.jpg,92.295376,97.246784,77.14312,57.15557604484994,56.78769100480618,93.474495312,0
nofire_0247.jpg,77.550368,75.669872,69.01264,71.9508744009729,73.06906053524717,75.47321585600001,0
nofire_0248.jpg,72.623872,71.47328,54.86488,58.90098321528781,58.188085980221075,69.923949408,0
nofire_0249.jpg,80.878336,80.49088,53.798,33.1062161817249,37.04940653810261,77.56374102400001,0
nofire_0250.jpg,64.521904,84.785696,57.794224,56.703419158061216,72.07598475078633,75.649794384,0
nofire_0251.jpg,99.698144,117.957376,91.852992,30.964707958501144,31.038918138276404,109.521965856,0
nofire_0252.jpg,129.288224,138.811808,60.30672,51.73528342365415,58.25050021906366,127.014676352,0
nofire_0253.jpg,88.558656,87.579536,29.327584,76.2583216145862,78.4291851419145,81.23157035199999,0
nofire_0254.jpg,128.280896,128.389648,106.343392,79.72971206167237,86.15912032069556,125.843857968,0
nofire_0255.jpg,94.044336,100.191584,105.095664,101.91035450001685,101.82428896668489,98.91262196800001,0
nofire_0256.jpg,92.179184,91.382304,64.446176,29.820460175760935,27.43561108580569,88.549852528,0
nofire_0257.jpg,100.522208,118.857232,47.233104,71.23812284728407,71.87741754750358,105.20990923199999,0
nofire_0258.jpg,107.057696,99.230368,28.865648,57.391113451226786,47.482239738501974,93.549160992,0
nofire_0259.jpg,81.175376,107.08784,49.743808,64.30838685007286,64.01522765822519,92.802793616,0
nofire_0260.jpg,125.777664,99.234048,30.985264,58.30579064469587,39.19453519986806,99.39022780799999,0
nofire_0261.jpg,95.620688,71.52968,48.616528,59.21099177016592,50.72012365025937,76.12079206400001,0
nofire_0262.jpg,67.922192,105.367152,75.684384,36.343147385925946,43.22749235624125,90.78727340799999,0
nofire_0263.jpg,138.57152,157.661344,80.852096,73.97348122732633,71.87335973859622,143.197232352,0
nofire_0264.jpg,55.76872,64.433712,43.55744,57.81338306622093,56.755102871028754,59.462984383999995,0
nofire_0265.jpg,79.714432,107.09256,63.287136,61.047785765884875,65.144979427784,93.912681392,0
nofire_0266.jpg,90.859712,109.57056,74.418176,56.280193312363956,54.879083932645955,99.968644672,0
nofire_0267.jpg,74.58048,107.290736,77.48432,58.762368391425476,65.04024108640976,94.112438032,0
nofire_0268.jpg,46.353392,91.201648,82.48712,63.29615162151911,63.11388051834633,76.798563264,0
nofire_0269.jpg,77.821264,122.086944,76.82032,50.48488349439171,56.57881971852068,103.691110544,0
nofire_0270.jpg,84.319216,114.287216,73.793712,60.92701762884299,56.54009227945551,100.710524544,0
nofire_0271.jpg,59.99304,123.151312,99.73944,48.39568244749111,62.071361260074326,101.598035264,0
nofire_0272.jpg,74.409296,96.47208,53.057072,58.76818551550137,57.51582770397728,84.925996672,0
nofire_0273.jpg,70.45,106.690464,88.586864,47.13085829899557,53.87932497224426,93.790754864,0
nofire_0274.jpg,85.536192,114.962144,67.499776,35.733809006865414,42.97641072638877,100.7530744,0
nofire_0275.jpg,62.438912,103.493376,44.4352,45.925561643340366,51.1568427888452,84.48545920000001,0
nofire_0276.jpg,59.946608,98.362736,55.471328,55.512764201526984,69.32610837624094,81.98669321599999,0
nofire_0277.jpg,97.99728,115.61696,102.954848,67.8042655339736,70.4457649000875,108.905194912,0
nofire_0278.jpg,114.274768,92.303888,27.166816,68.60506971460765,59.52918655654096,91.447554912,0
nofire_0279.jpg,65.2256,83.321824,46.908384,59.74358958616397,64.68273671786797,73.759920864,0
nofire_0280.jpg,99.291648,114.69144,81.468192,76.59868738721373,71.34811609794893,106.29945191999998,0
nofire_0281.jpg,95.881888,109.22792,83.490528,70.3674902320344,66.18445186351248,102.303393744,0
nofire_0282.jpg,69.410496,80.528944,80.907792,75.29184734773071,75.34155025113874,77.24771672,0
nofire_0283.jpg,78.8776,87.532128,37.342576,76.8847694295821,79.6141718527023,79.22281519999999,0
nofire_0284.jpg,113.597216,115.815264,82.327632,68.6696605281353,42.8227156613205,111.3344776,0
nofire_0285.jpg,109.600288,117.270288,116.007024,70.15969354491976,71.66058989707702,114.83294590399998,0
nofire_0286.jpg,70.303616,86.804816,94.408368,61.94082680530301,63.12914229740607,82.73776212799999,0
nofire_0287.jpg,95.561424,111.901776,90.2532,64.1380073520547,50.09431201290047,104.548073088,0
nofire_0288.jpg,78.100832,92.376544,101.467968,61.963189402319955,65.2241200064521,89.144528448,0
nofire_0289.jpg,64.5292,95.532864,95.035216,59.726453195882975,51.78128549927574,86.20603659199999,0
nofire_0290.jpg,69.930112,106.1784,72.753792,61.67235292793243,72.15556337137143,91.52975657600001,0
nofire_0291.jpg,125.017344,133.834544,74.818672,45.04019168682194,46.893856658543925,124.470391792,0
nofire_0292.jpg,123.895632,125.128592,109.458784,42.70113332595021,44.262436535933446,122.97357884799999,0
nofire_0293.jpg,112.994224,122.175216,105.904288,50.94534497515768,49.95767267751115,117.57521360000001,0
nofire_0294.jpg,59.348512,100.863152,118.486336,40.63714531541132,51.26728524726949,90.45931761599999,0
nofire_0295.jpg,96.218912,110.19344,112.287104,60.76348783221924,54.13915896064881,106.25373382399998,0
nofire_0296.jpg,75.40096,84.436448,72.034528,44.02740309260132,42.08494392467805,80.321018208,0
nofire_0297.jpg,98.897616,112.482448,118.988048,61.52419567549457,63.07751190342954,109.162221632,0
nofire_0298.jpg,103.559648,110.628192,89.630736,41.00751553210821,40.92483762718108,106.12098736000002,0
nofire_0299.jpg,53.560864,67.277264,53.787616,51.66836455292062,53.95070732320665,61.638240528,0
nofire_0300.jpg,31.72472,52.605968,33.563152,47.38430606141236,49.230800306139415,44.191593824,0
nofire_0301.jpg,87.906848,89.496256,87.815632,68.3255208154676,69.46049169119424,88.829431872,0
nofire_0302.jpg,100.87832,107.055472,89.230832,49.54994823385389,57.44083156481299,103.176494592,0
nofire_0303.jpg,118.58536,120.55336,96.904944,47.16970987477451,47.564866200909265,117.269008576,0
nofire_0304.jpg,87.777232,107.452752,108.605104,63.393549375454405,52.20456339848555,101.70113964800001,0
nofire_0305.jpg,75.600528,89.029408,58.575008,64.52859649892609,63.69590001852189,81.54237128,0
nofire_0306.jpg,98.267008,95.1236,94.170448,70.24397894999923,74.3670423980946,95.95481966399998,0
nofire_0307.jpg,84.1492,87.725344,67.200576,69.62286701479623,62.33144147283667,84.316253392,0
nofire_0308.jpg,70.533936,92.032176,108.9716,70.34201123331565,66.99828419224647,87.53529657600001,0
nofire_0309.jpg,110.269184,130.513856,131.271168,53.33705252424569,50.7190916323554,124.54703263999998,0
nofire_0310.jpg,80.614704,80.191808,73.415776,68.6420415415537,72.77543768120627,79.545786256,0
nofire_0311.jpg,45.159632,47.33144,42.419776,22.693166672471605,24.539162893758217,46.122139712,0
nofire_0312.jpg,80.512464,86.11056,78.482944,63.679198900808295,58.47332547825889,83.567181072,0
nofire_0313.jpg,49.848624,93.08016,118.02664,30.59988779892214,28.286539102095894,82.99782945599999,0
nofire_0314.jpg,85.186864,120.115136,123.29592,65.87719880084082,73.18079633142499,110.034192048,0
nofire_0315.jpg,105.654912,130.062896,161.166272,24.646465756214546,29.259547981696233,126.310693648,0
nofire_0316.jpg,117.627712,128.672,112.889104,94.31114323156652,90.4355280628139,123.570507744,0
nofire_0317.jpg,44.427136,56.51104,72.090896,62.6825032272763,73.60357310700616,54.674056287999996,0
nofire_0318.jpg,100.596352,117.314512,116.286928,82.76303394808636,70.16682779064375,112.198637584,0
nofire_0319.jpg,80.331616,87.546224,71.163488,51.09597290226055,58.55182558504751,83.521424304,0
nofire_0320.jpg,98.947648,117.620896,90.483648,56.72790758760714,45.39868993877669,108.943948576,0
nofire_0321.jpg,45.278,62.71976,69.598816,53.408897947813905,54.73969800375592,58.288886144,0
nofire_0322.jpg,92.82232,112.725984,75.42728,61.40731863399997,52.97986201597494,102.522736208,0
nofire_0323.jpg,124.401936,117.239568,102.3656,46.82450844858816,52.412605498805114,117.68548368,0
nofire_0324.jpg,102.510848,140.713952,124.942864,38.23631104488109,49.63775531328643,127.49331987199997,0
nofire_0325.jpg,35.937136,79.65328,98.157616,28.677215487517334,41.895408546063855,68.691647248,0
nofire_0326.jpg,65.880832,87.358544,98.673632,48.869518096537185,52.156211271526075,82.22662814399999,0
nofire_0327.jpg,109.977696,131.128928,113.281808,59.64308843890954,64.57206443633977,122.770137952,0
nofire_0328.jpg,58.929472,94.634688,132.687568,49.83001394542465,46.97418954215875,88.296856736,0
nofire_0329.jpg,107.255184,116.950496,83.343648,57.80684929250291,56.534544318973545,110.22041704,0
nofire_0330.jpg,114.609248,113.930528,103.66992,75.45936029992897,76.36168823200032,112.963755968,0
nofire_0331.jpg,122.855424,146.62536,139.380208,53.12098065529498,57.11828608134526,138.692201808,0
nofire_0332.jpg,118.013008,142.130144,130.188064,61.44907881158135,50.59182691442625,133.557723216,0
nofire_0333.jpg,86.416256,98.305024,89.39376,53.14365327056905,53.274487556047156,93.73439827199998,0
nofire_0334.jpg,96.447136,109.228576,116.011328,79.70575751724279,77.86511317022678,106.18015916799999,0
nofire_0335.jpg,94.36464,105.823984,106.737728,56.49356973736392,55.51182485171735,102.50180696,0
nofire_0336.jpg,77.526176,66.749296,63.397472,81.61067128027452,57.23105153240139,69.58947518399998,0
nofire_0337.jpg,120.753136,121.578064,109.8048,54.09756817238187,58.96198397282697,119.989258432,0
nofire_0338.jpg,59.25816,68.726272,62.286976,47.678528096139885,43.63161918817609,65.16122676799999,0
nofire_0339.jpg,95.58408,123.548976,104.312624,35.10525776224411,31.00210704696415,112.994527968,0
nofire_0340.jpg,143.229648,143.47192,134.292768,71.63741289156174,71.51667349306453,142.353057344,0
nofire_0341.jpg,131.8850781053162,132.9166824137062,125.92734315948601,70.00322461573721,69.91015499072961,131.8114480505165,0
nofire_0342.jpg,93.586272,93.736976,86.587504,78.39455101690433,77.25170342701465,92.87687569600001,0
nofire_0343.jpg,105.805872,115.478944,129.35056,70.17708476646501,69.52771732658036,114.16805969600001,0
nofire_0344.jpg,121.850448,136.98608,131.026288,66.72894797761536,59.40527328641457,131.781109744,0
nofire_0345.jpg,138.248608,149.771472,159.613728,74.66370075252321,67.47752561374206,147.44815284799998,0
nofire_0346.jpg,118.606192,132.49208,130.5188,74.91180224276503,67.90234035196136,128.115245568,0
nofire_0347.jpg,124.746336,129.258976,118.129136,66.84932961948911,66.1659697686917,126.64089487999999,0
nofire_0348.jpg,80.85736,84.565648,78.673168,53.11778238810803,52.94520936156638,82.785127168,0
nofire_0349.jpg,127.969504,148.640224,80.965488,47.725756882358446,62.46991443270772,134.74475881599997,0
nofire_0350.jpg,63.008544,56.433744,40.617936,50.95784664798999,48.87248757882562,56.596607088,0
nofire_0351.jpg,67.727008,105.145312,135.059984,61.44931650854984,54.661843990325245,97.367511712,0
nofire_0352.jpg,118.134816,130.390304,111.306944,50.54332763724747,46.64067013656197,124.55041004799999,0
nofire_0353.jpg,123.32744,135.108384,125.788768,82.21421385044316,78.2446307225521,130.52344551999997,0
nofire_0354.jpg,127.250064,146.68752,154.032848,62.63001002711004,64.97771990651565,141.71308804799997,0
nofire_0355.jpg,84.804784,107.993536,117.684576,53.5193672861829,67.38345285169575,102.16487771199998,0
nofire_0356.jpg,138.051008,155.009568,119.878592,75.22335354252651,66.32281010673007,145.934027296,0
nofire_0357.jpg,56.173072,61.26952,58.94784,56.568260341668775,59.209396407745956,59.48101052799999,0
nofire_0358.jpg,78.829776,57.913008,66.871472,99.75986527551962,56.96254489040967,65.188386528,0
nofire_0359.jpg,73.375792,90.913904,103.779904,65.92321457857419,68.64380219276016,87.136732512,0
nofire_0360.jpg,53.957632,53.27272,44.197872,33.01513878439066,30.029023956858804,52.442976016,0
nofire_0361.jpg,86.354848,94.278656,85.13728,75.0140746453417,72.74571502730359,90.867320544,0
nofire_0362.jpg,99.516512,104.3284,92.657744,67.92907123871088,58.590206224590126,101.55919070400002,0
nofire_0363.jpg,83.133008,89.675888,89.303712,61.55045297048541,63.25346263574395,87.677138816,0
nofire_0364.jpg,47.882112,87.484032,106.591168,45.83537662569662,67.39315918565457,77.82127142399999,0
nofire_0365.jpg,119.040848,133.780368,141.396784,76.75269925833813,63.599834479223105,130.241522944,0
nofire_0366.jpg,141.081536,122.13336,107.86848,52.56922696674076,57.073882705756056,126.17266830399998,0
nofire_0367.jpg,101.740368,114.762064,125.625952,73.37683383210656,65.37324916554098,112.107060128,0
nofire_0368.jpg,138.832496,129.732256,127.369904,76.94997246529712,72.57206840893033,132.18391963200003,0
nofire_0369.jpg,92.097808,112.102832,95.303248,72.0406222182675,68.45808996444303,104.206177248,0
nofire_0370.jpg,113.243712,113.02992,99.097344,70.3759849697399,68.96217073724986,111.50553014399999,0
nofire_0371.jpg,85.443536,130.781984,121.619664,57.65239196960265,61.257567344971704,116.18128356799998,0
nofire_0372.jpg,92.690064,96.630352,88.603552,74.96809659899272,71.3268915371762,94.537150688,0
nofire_0373.jpg,54.059648,101.62672,144.500256,24.69805810415256,36.92160026382388,92.29174857599999,0
nofire_0374.jpg,117.961568,109.654752,90.695936,69.07568506342427,70.85073710144796,109.97718496,0
nofire_0375.jpg,97.112368,121.86288,124.157648,52.7729418303791,51.96083492502406,114.72408046399998,0
nofire_0376.jpg,107.942384,133.542368,155.399792,63.39706687534167,68.08114791153697,128.37971911999998,0
nofire_0377.jpg,101.32296,111.25392,112.66528,74.13994486670731,80.13448798509665,108.445458,0
nofire_0378.jpg,76.222256,78.498192,61.164432,52.43964967722862,50.923883716102566,75.84163849599999,0
nofire_0379.jpg,104.449344,107.782784,108.337504,81.14996434977445,80.07724681336981,106.84932351999998,0
nofire_0380.jpg,117.408928,133.273216,142.354112,57.53996379813613,63.16897118853009,129.56501603200002,0
nofire_0381.jpg,97.724288,122.167792,123.113152,45.839805746676724,59.31348411486832,114.966955344,0
nofire_0382.jpg,60.46208,100.571056,127.419888,76.59585170277566,73.73117348208194,91.63923902399999,0
nofire_0383.jpg,166.087424,146.704912,123.12144,62.168929643707266,69.262731877051,149.81176728,0
nofire_0384.jpg,90.584832,110.518048,92.187456,58.64613681677401,60.75271143142251,102.46832892799999,0
nofire_0385.jpg,141.79224,126.574592,137.886496,57.6246182441359,41.65006703516257,132.414225808,0
nofire_0386.jpg,67.001344,75.926464,76.597552,52.040174924702775,49.83697166217771,73.334357152,0
nofire_0387.jpg,96.246064,105.498016,110.306096,59.75849352609137,65.77867432583105,103.279803472,0
nofire_0388.jpg,126.740496,138.935424,141.760048,82.73851805340718,90.62223474368872,135.611147664,0
nofire_0389.jpg,107.075056,108.768864,69.909904,62.22290059613795,67.50092183184987,103.832493968,0
nofire_0390.jpg,85.372016,102.170704,114.41408,81.14491937327773,68.59363699458125,98.54364115199998,0
nofire_0391.jpg,133.374288,146.755904,158.24904,47.17415314017896,51.987535440168585,144.06501831999998,0
nofire_0392.jpg,84.336656,91.418544,69.736608,58.1248712922245,57.38907886453714,86.82931878399998,0
nofire_0393.jpg,128.349376,131.410624,109.965952,83.4158403207126,82.59455805275928,128.05061824,0
nofire_0394.jpg,65.842544,80.297712,83.351248,51.28487612940158,55.31335975661808,76.32371987200001,0
nofire_0395.jpg,87.56696,91.489168,83.62496,44.99752931393456,41.76908515478614,89.41990809599999,0
nofire_0396.jpg,128.063024,133.813296,112.89304,76.06899696969471,76.32938017314424,129.70905548800002,0
nofire_0397.jpg,61.117792,77.61408,70.361664,48.16841700787702,45.33698915624636,71.85491446399999,0
nofire_0398.jpg,121.946368,127.127904,128.890224,65.83976600511711,72.2242649015328,125.77952921599999,0
nofire_0399.jpg,87.940368,82.130624,57.172848,56.50257944576138,41.767358659252366,81.02255099199998,0
nofire_0400.jpg,139.469424,140.185984,141.514256,68.76502350111011,68.8201824027788,140.12315556800002,0
nofire_0401.jpg,76.754656,84.225888,81.848912,63.9745174137458,69.11851282117878,81.721014368,0
nofire_0402.jpg,144.875712,157.323232,165.726512,60.73316122591559,53.68369436872034,154.55939744,0
nofire_0403.jpg,62.399664,72.53832,78.311456,50.00918408339716,41.2292228835034,70.16499936,0
nofire_0404.jpg,60.413408,106.581792,122.923216,91.13776511318201,47.43411816476339,94.64036752,0
nofire_0405.jpg,99.239984,97.334928,82.146016,61.00928578240975,63.020020685769495,96.17300377599999,0
nofire_0406.jpg,100.971872,135.724848,140.047536,65.25248520030188,64.9776026902878,125.82649460799998,0
nofire_0407.jpg,73.352016,130.582128,159.044736,60.271460084651544,57.168295750281175,116.71506182399999,0
nofire_0408.jpg,99.872048,120.545792,127.235376,52.5579813566474,55.034122933801136,115.12695512,0
nofire_0409.jpg,87.086208,69.955856,47.788128,51.37510798218078,50.60594007927592,72.550710256,0
nofire_0410.jpg,117.943552,116.341152,106.135888,65.91268586261143,65.25840549165216,115.656869504,0
nofire_0411.jpg,42.08672,64.411904,84.75024,57.40315391719866,62.49786530030273,60.055244288,0
nofire_0412.jpg,96.56432,138.9892,180.592064,50.954989774678594,53.202383361650256,131.046887376,0
nofire_0413.jpg,101.460112,111.521104,105.58896,43.19080153166246,44.80981341872764,107.836602976,0
nofire_0414.jpg,85.250128,97.902608,96.67448,66.2580488392438,60.61457939141652,93.979509888,0
nofire_0415.jpg,118.582016,130.87272,141.35128,52.27847443619356,58.5142723769304,128.392355344,0
nofire_0416.jpg,54.781248,60.55944,69.985376,58.570651930489014,54.721349717330625,59.90631729599999,0
nofire_0417.jpg,121.772864,128.117312,122.2356,72.78056021519417,71.08479554654888,125.54980687999999,0
nofire_0418.jpg,126.311264,136.025648,122.766112,59.011459588136816,57.3231915212342,131.60946008,0
nofire_0419.jpg,71.249392,50.224288,38.946864,75.39924559059153,51.309368490491636,55.22516775999999,0
nofire_0420.jpg,113.83728,142.149824,148.96272,76.17922794437865,83.47501442209533,134.46104348799997,0
nofire_0421.jpg,63.598608,95.031472,122.030016,62.3299582902342,55.33897217615463,88.71087967999999,0
nofire_0422.jpg,132.433552,119.355552,104.786592,45.94261168744433,44.621188675059926,121.60501256,0
nofire_0423.jpg,93.441472,106.833536,119.958144,61.397439022105935,55.80852237550018,104.325514176,0
nofire_0424.jpg,126.371648,141.207136,144.97864,68.807508120583,77.29201857033819,137.201276544,0
nofire_0425.jpg,70.702928,79.49848,65.319136,57.25633020223018,55.74837997367816,75.25216473599998,0
nofire_0426.jpg,68.77872,73.853824,67.394128,71.06260042498866,75.38223711576238,71.59996256000001,0
nofire_0427.jpg,67.317248,76.578512,74.068336,71.50053869521889,71.38086485792853,73.523234,0
nofire_0428.jpg,107.430592,114.646672,104.574464,44.45941680374964,46.875879419211074,111.340832368,0
nofire_0429.jpg,75.038128,88.125696,96.870288,51.112693709641405,63.849832642815784,85.20939665599998,0
nofire_0430.jpg,121.994288,136.398272,145.794336,77.64159884606354,80.79167820644659,133.16263207999998,0
nofire_0431.jpg,104.570944,111.502528,99.784928,71.53553035344649,66.24599376271154,108.094177984,0
nofire_0432.jpg,100.572112,97.331264,84.823184,53.75443840148882,47.23335186245313,96.87435643199998,0
nofire_0433.jpg,138.920064,141.377632,80.79504,64.75309742580585,63.58694119135293,133.73640368,0
nofire_0434.jpg,62.8376,88.065424,95.178928,46.00465604957829,56.08289514370869,81.33324408,0
nofire_0435.jpg,111.059872,108.147584,93.01008,67.27582150627084,63.134805954900536,107.29268265600003,0
nofire_0436.jpg,120.970736,126.445152,109.509232,77.00611191079773,72.73082240492607,122.877606736,0
nofire_0437.jpg,116.096304,128.03784,123.280448,68.40705663555175,66.52343292505581,123.92497804800001,0
nofire_0438.jpg,70.711744,97.302368,116.035456,46.326625912950576,53.513372960341194,91.487343456,0
nofire_0439.jpg,41.632448,67.889712,87.177168,45.551607057570386,35.46531348454509,62.23756004799999,0
nofire_0440.jpg,123.358624,121.130768,131.77432,89.31627003422514,73.34314356318643,123.010261872,0
nofire_0441.jpg,75.615392,96.255184,122.452,88.67137809172888,79.36323471939728,93.070323216,0
nofire_0442.jpg,97.778368,105.07608,49.370832,58.56754513599299,44.297463446946935,96.54366584,0
nofire_0443.jpg,94.535392,87.307232,74.211552,34.547575709539096,35.42923369899744,87.97554432,0
nofire_0444.jpg,85.044384,100.1872,108.049488,76.266710628298,74.68689820952534,96.555798848,0
nofire_0445.jpg,100.879936,109.35784,115.538192,63.79892325608563,69.4324733142526,107.527506832,0
nofire_0446.jpg,73.967136,111.652496,43.517616,41.16414371704462,53.93935195170576,92.61719704,0
nofire_0447.jpg,136.79112,144.613456,146.158704,61.75090452086998,60.98128348711647,142.450735808,0
nofire_0448.jpg,108.01704,122.558816,131.101312,62.997160425200114,63.93133326216609,119.18466952,0
nofire_0449.jpg,88.10664,95.085872,95.02152,52.09973884685412,57.139548213121316,92.991745504,0
nofire_0450.jpg,60.5732,63.810672,61.52776,61.03448443101654,63.046709881709255,62.582415904,0
nofire_0451.jpg,93.697952,106.394016,99.998896,63.34317376802094,56.03812487397971,101.86884918399998,0
nofire_0452.jpg,98.754976,113.376704,113.34544,59.05645484821641,61.5872975060311,109.001243232,0
nofire_0453.jpg,156.82936,160.456048,144.238192,70.2607906729664,75.94158852843215,157.522832704,0
nofire_0454.jpg,92.069152,79.011712,39.50016,47.88099499802501,40.20007908983583,78.411569632,0
nofire_0455.jpg,136.33648,147.66816,128.142128,62.21203662644071,56.87712448967863,142.054020032,0
nofire_0456.jpg,49.428752,59.590416,61.980992,40.23301087070785,35.00336945133917,56.824604128,0
nofire_0457.jpg,89.276112,102.463712,94.286768,50.457304903883404,52.12256919205975,97.588447984,0
nofire_0458.jpg,129.956624,137.012432,132.693392,59.19790447746123,54.975214974071505,134.410374848,0
nofire_0459.jpg,26.705984,62.561952,52.540832,35.16925774866089,53.243912571764454,50.698609888,0
nofire_0460.jpg,106.412096,118.080432,124.30144,63.79695491860708,63.24692671342518,115.300794448,0
nofire_0461.jpg,125.79,140.455056,115.795136,68.2244304336797,62.482476103599346,133.258973376,0
nofire_0462.jpg,50.26336,82.087584,110.856544,47.2183898233559,49.09117599979597,75.851802464,0
nofire_0463.jpg,122.660016,140.412032,145.190432,89.41444381574905,91.02474787458067,135.648916816,0
nofire_0464.jpg,130.34384,136.986512,134.478176,66.31498616492655,64.0229768292123,134.714402768,0
nofire_0465.jpg,129.28056,129.722624,118.10248,80.87238771105007,76.5775239515788,128.265750448,0
nofire_0466.jpg,124.209728,130.294944,93.50968,56.71457024580206,51.020513051486105,124.28194432,0
nofire_0467.jpg,97.657328,101.473968,105.987584,71.54492116076734,72.71769838447155,100.84734486399998,0
nofire_0468.jpg,98.665904,114.4024,96.0888,58.484842308608336,61.02750273638927,107.60943729600001,0
nofire_0469.jpg,116.435344,111.949408,97.673584,58.27642675732327,60.399835500186065,111.66325892799999,0
nofire_0470.jpg,170.058624,165.224544,133.41072,64.43025192583546,68.28208347723482,163.043157984,0
nofire_0471.jpg,90.7884,112.068176,113.842912,69.38596245235776,59.33347041959558,105.90784287999999,0
nofire_0472.jpg,140.128208,144.111552,131.552896,94.63221977058731,88.90978783098797,141.48884536000003,0
nofire_0473.jpg,39.404176,49.777648,49.73792,38.3300110326233,41.996768061222234,46.671450879999995,0
nofire_0474.jpg,40.502576,27.893104,31.706576,46.45366010729643,29.17805609092532,32.098071936,0
nofire_0475.jpg,63.139296,83.955536,91.713024,44.43143739093283,59.07466400202971,78.61583387200001,0
nofire_0476.jpg,84.410208,102.444528,93.807616,56.51124052254327,60.217564305252466,96.067658352,0
nofire_0477.jpg,98.333968,96.568304,70.529888,62.29015640833611,50.85343542538286,94.12785811199998,0
nofire_0478.jpg,76.199104,107.326624,129.92024,65.82781422466634,84.01235035851946,100.595167744,0
nofire_0479.jpg,58.472544,92.178464,97.693408,56.88332253102015,68.20020145571935,82.729097536,0
nofire_0480.jpg,143.296576,147.018032,145.239456,81.5876946277821,79.94883310497393,145.70255899199998,0
nofire_0481.jpg,71.736096,80.236768,69.394064,61.3350587077145,60.68078052327752,76.458998816,0
nofire_0482.jpg,92.499984,95.48568,80.426768,67.47303591805948,60.33721003607641,92.87624092799999,0
nofire_0483.jpg,102.188288,131.214448,134.983872,68.78199511230433,70.99278754954827,122.965340496,0
nofire_0484.jpg,118.950432,125.896064,125.478208,60.40575236691764,57.08337408832719,123.77168444799999,0
nofire_0485.jpg,83.122816,102.15256,111.683984,55.320233298768215,58.40257423647009,97.54924888,0
nofire_0486.jpg,129.055792,139.800096,137.320768,54.665006350065816,52.3328669804243,136.30490571200002,0
nofire_0487.jpg,56.213136,92.4436,132.60432,38.95848124664903,33.728233440843,86.189013344,0
nofire_0488.jpg,103.96816,120.048704,106.226432,72.5645326741267,66.4873923380996,113.66488233599999,0
nofire_0489.jpg,117.50232,126.998736,134.97632,42.269462577818516,39.482930164848504,125.06875219199999,0
nofire_0490.jpg,95.72416,97.159472,90.956448,54.59158067224652,50.458821792439984,96.02316897600001,0
nofire_0491.jpg,72.122144,87.293984,107.736016,59.45947857863593,63.794804595732906,85.087995488,0
nofire_0492.jpg,87.085472,89.573504,88.904928,53.96627560372511,55.29982210786924,88.753364768,0
nofire_0493.jpg,106.861872,121.967344,103.48568,61.01746275170425,61.41630875903943,115.343898176,0
nofire_0494.jpg,41.497792,72.276976,102.106976,40.178358890386946,55.263196327170796,66.474619984,0
nofire_0495.jpg,98.07544,103.338512,101.1296,77.05659066430593,76.85206330103217,101.51303750400001,0
nofire_0496.jpg,132.851344,135.122224,109.107248,72.74231405030818,71.95734773665454,131.47752361599998,0
nofire_0497.jpg,109.540304,133.669456,107.863296,56.38348119429647,62.60592665765809,123.51293731199999,0
nofire_0498.jpg,94.895776,110.529696,122.5376,81.19266834731954,83.74234082080334,107.22405497599998,0
nofire_0499.jpg,139.586112,140.796048,124.767696,85.19030062585445,84.83357384657148,138.60704500800003,0
nofire_0500.jpg,101.366624,123.180272,111.12848,63.34120417897519,56.93212096879947,115.28408695999998,0
nofire_0501.jpg,68.766656,95.252272,92.2244,65.02819067587275,53.00169045264515,86.98789540799999,0
nofire_0502.jpg,184.104864,185.878944,182.196752,34.25763674776041,45.67875516522822,184.928724192,0
nofire_0503.jpg,71.536112,119.238512,109.925936,29.172809119511545,31.51659004438545,103.913860736,0
nofire_0504.jpg,193.00744,187.724,188.76552,57.413495770997955,65.14455839131922,189.42248184000002,0
nofire_0505.jpg,45.555632,55.916912,52.496864,55.258110509504185,54.63673277552618,52.429003808,0
nofire_0506.jpg,68.972048,87.758192,71.3836,65.69118420827634,69.88756943041541,80.27443145599999,0
nofire_0507.jpg,126.056032,143.896192,138.235328,77.21896759485311,78.96627963820465,137.916645664,0
nofire_0508.jpg,47.501072,57.45272,51.803488,39.68706568708269,41.06169899799082,53.8331648,0
nofire_0509.jpg,77.539904,91.605472,103.147264,70.19315242721889,74.28074439353188,88.715631456,0
nofire_0510.jpg,102.88184,110.87384,103.286144,71.92313167691184,67.29585594711163,107.619234656,0
nofire_0511.jpg,76.825456,83.48928,65.74816,39.79003471212439,43.84757996835857,79.47430894399999,0
nofire_0512.jpg,108.9316,121.08568,137.376016,58.40271207264265,64.78074555712986,119.308708384,0
nofire_0513.jpg,91.934336,96.386176,90.445072,69.41117933185622,70.40258918603082,94.377789984,0
nofire_0514.jpg,98.899616,108.693472,103.25128,52.8801833870926,58.288838524928735,105.144699168,0
nofire_0515.jpg,147.189376,144.711808,136.08256,83.25514581532258,69.95775240365528,144.46886656,0
nofire_0516.jpg,75.10336,85.634128,96.985168,55.97427298956548,50.08088890664398,83.779446928,0
nofire_0517.jpg,56.574528,52.962624,51.158576,24.33513734453159,19.729729319851906,53.836921824,0
nofire_0518.jpg,97.185536,108.107792,92.735168,45.3715781562941,45.17624487365828,103.08955832,0
nofire_0519.jpg,58.625984,64.664704,46.69456,34.791158187558864,31.353978385404044,60.810530304000004,0
nofire_0520.jpg,48.278624,72.958448,28.780528,30.68625960697432,35.89004164711008,60.542897743999994,0
nofire_0521.jpg,96.537808,122.239776,133.870672,59.406206229274865,66.19561178408901,115.88080971199999,0
nofire_0522.jpg,94.930704,106.376528,95.853552,66.35452212219137,74.17108721506794,101.75460736,0
nofire_0523.jpg,71.311664,78.113264,43.065456,55.023539413155746,43.73508672983631,72.084135488,0
nofire_0524.jpg,98.610272,140.320672,86.292512,49.17695151273629,51.58928184679853,121.69005216000001,0
nofire_0525.jpg,84.328224,89.648912,91.97968,69.02607447194012,65.02968910594802,88.32373384,0
nofire_0526.jpg,94.287936,98.53616,88.086128,58.45838510307913,65.22007461245656,96.07463737599998,0
nofire_0527.jpg,86.10784,112.21696,109.409536,64.19968712177965,45.12642046914867,104.09028678400001,0
nofire_0528.jpg,72.771696,78.739888,76.801856,39.70280621421594,39.792768460455925,76.734462944,0
nofire_0529.jpg,97.646272,115.894752,108.306176,68.35581821982687,63.7635529347173,109.573358816,0
nofire_0530.jpg,57.334144,52.976192,26.204048,56.08910250474029,42.94778049188498,51.227195232,0
nofire_0531.jpg,68.953264,109.564112,161.054,35.90924482283503,36.036766581526926,103.29131568,0
nofire_0532.jpg,78.295088,80.98112,84.98584,81.49605562892143,61.06004437883746,80.63453451199999,0
nofire_0533.jpg,108.275632,114.34976,107.493408,71.707188000929,77.3238598360325,111.75197159999999,0
nofire_0534.jpg,96.10832,143.037056,107.875408,61.79328205215839,83.96436750701373,124.996936064,0
nofire_0535.jpg,116.45448,56.560656,32.63656,60.99961462115642,28.69790209840545,71.741562432,0
nofire_0536.jpg,152.129056,160.791024,162.066352,72.28560720191028,65.08645174712956,158.34648295999997,0
nofire_0537.jpg,76.018352,92.679008,102.475408,65.36443387044744,63.17196622027793,88.814261456,0
nofire_0538.jpg,93.939584,92.508336,36.9452,55.35696261453426,51.59731383038368,86.602081648,0
nofire_0539.jpg,71.507168,73.277376,73.66528,43.61928377013745,57.32521335812562,72.79230486399999,0
nofire_0540.jpg,97.843376,110.035856,114.309088,79.0457874204731,75.88758830235194,106.877452928,0
nofire_0541.jpg,51.691872,70.773008,79.25312,59.31725847622778,63.480579539194004,66.034481104,0
nofire_0542.jpg,54.470848,65.83616,81.033376,82.52076217632079,86.73316950541125,64.17041433600001,0
nofire_0543.jpg,109.143728,119.24952,120.1468,87.26973632515464,83.49231051881125,116.33017811199998,0
nofire_0544.jpg,104.914192,114.470304,117.89976,48.4868105466542,56.75185112529444,112.00398449599999,0
nofire_0545.jpg,114.607872,114.607872,114.607872,88.0667919004185,88.0667919004185,114.607872,0
nofire_0546.jpg,117.693152,113.215952,105.44448,53.2911008359266,56.507123557421465,113.66868699199999,0
nofire_0547.jpg,114.5644,127.40808,122.906352,45.05082885630407,52.03264374134376,123.05462268800001,0
nofire_0548.jpg,109.869696,126.535888,128.28584,63.426696562784855,60.739118795480195,121.75219111999999,0
nofire_0549.jpg,80.371232,97.941488,108.521616,44.567428227374485,69.75022603795529,93.89411604799999,0
nofire_0550.jpg,64.81496,72.580384,76.71688,35.12920312501267,39.560093660310564,70.73008276799999,0
nofire_0551.jpg,96.657344,92.719056,87.400624,61.25617940147479,58.09239783714272,93.290302864,0
nofire_0552.jpg,77.43872,94.945664,88.151456,66.3977937341415,68.18534874589338,88.936548032,0
nofire_0553.jpg,99.983472,118.261264,95.553264,42.40108336853218,52.87732683411959,110.207492192,0
nofire_0554.jpg,111.167072,119.58768,112.570448,62.31157522440606,60.364795371289055,116.26995375999999,0
nofire_0555.jpg,75.905088,102.973696,116.69376,78.250700186722,81.25209429977534,96.44426950399999,0
nofire_0556.jpg,71.565728,83.414176,55.778528,51.81664643558106,51.804613947418076,76.721026176,0
nofire_0557.jpg,120.382896,126.373216,143.268448,87.62394083042136,88.78504111514137,126.50816676799998,0
nofire_0558.jpg,77.42576,71.263536,61.028464,64.9102356829984,64.76699410021051,71.93924276799999,0
nofire_0559.jpg,107.384272,129.030272,155.594832,45.13947592772889,56.55563953847588,125.58647784,0
nofire_0560.jpg,120.983248,120.370128,105.333856,61.84776166823256,56.384537288724964,118.83931587199999,0
nofire_0561.jpg,88.125376,83.173616,87.053616,70.19608508213705,60.44052959301849,85.09651224000001,0
nofire_0562.jpg,98.389216,154.160064,132.753296,82.76703884340277,67.99194337210773,135.044208896,0
nofire_0563.jpg,59.982928,58.301248,51.67336,38.77002033204027,37.4314212613213,58.048491088,0
nofire_0564.jpg,76.225072,53.586384,41.024112,73.63762048433406,57.96587970353373,58.923252704,0
nofire_0565.jpg,73.510576,87.182576,75.519168,62.49339088374245,64.86555198257565,81.765019488,0
nofire_0566.jpg,124.38304,126.133424,116.60736,82.44919871265213,74.46625827874142,124.524087888,0
nofire_0567.jpg,92.32864,134.755744,150.927216,45.5285661069004,68.54236473164946,123.91358771200001,0
nofire_0568.jpg,84.133168,81.609808,72.997376,60.2619219929449,53.18293130510142,81.38247539199999,0
nofire_0569.jpg,110.531456,114.248112,111.663504,88.22810392681043,85.4010886607159,112.842186544,0
nofire_0570.jpg,29.414928,41.131584,49.405104,38.31473673085613,45.25656917676089,38.571485136,0
nofire_0571.jpg,86.079616,102.317568,80.121728,56.33827683992956,64.14770766415099,94.93209459200001,0
nofire_0572.jpg,85.569104,84.195232,70.724816,48.239749674279864,47.82667001230774,83.07039230400001,0
nofire_0573.jpg,90.310352,90.955824,87.634096,63.617482264202316,63.982180147921056,90.38415087999999,0
nofire_0574.jpg,88.707392,45.486912,33.2704,75.18499943844076,36.9818961750781,57.01715315199999,0
nofire_0575.jpg,100.72552,114.174176,100.41832,65.75864138445684,63.93425522144623,108.58486027199999,0
nofire_0576.jpg,72.814832,94.245696,93.752096,52.10978964467019,65.03657913417328,87.781597264,0
nofire_0577.jpg,69.461808,102.230048,103.100512,54.88276900240307,64.05023583030507,92.531577136,0
nofire_0578.jpg,109.724288,141.392912,114.759024,53.70411811856756,54.05615336074382,128.887730192,0
nofire_0579.jpg,120.523456,111.694704,90.207856,49.726506511276895,45.59834096052601,111.885000176,0
nofire_0580.jpg,120.065168,149.007392,162.61368,91.82831768649459,79.08815704869052,141.904783856,0
nofire_0581.jpg,114.73104,148.031104,134.663008,63.62144151556455,72.84109626125341,136.55042192000002,0
nofire_0582.jpg,60.894336,110.16304,118.03744,40.43549217110018,47.28800957915653,96.32937910399998,0
nofire_0583.jpg,92.063424,88.986464,85.20432,84.21529614859894,85.35131226159739,89.475310624,0
nofire_0584.jpg,103.07152,109.863984,67.90792,45.09897068547796,46.088168152441725,103.05004596799999,0
nofire_0585.jpg,114.063024,124.656256,110.67832,86.09732620688882,79.88596722868455,119.89539492799997,0
nofire_0586.jpg,90.342944,113.144048,114.184016,43.776287889825284,52.878936167189444,106.445074256,0
nofire_0587.jpg,125.317712,150.709664,109.465824,63.65367347675274,59.45689417558828,138.41567259200002,0
nofire_0588.jpg,125.879264,153.470544,165.0384,34.54039094767609,59.24552530228814,146.539486864,0
nofire_0589.jpg,93.039312,101.119392,83.940464,80.15903316886161,78.40976032070458,96.745050288,0
nofire_0590.jpg,129.319216,129.593824,106.217184,39.68439417636792,37.8704302201206,126.84677924799999,0
nofire_0591.jpg,91.716416,115.834304,83.988096,84.41395541090908,77.7469896577069,104.992587776,0
nofire_0592.jpg,95.342352,105.90672,79.30992,91.21246052545725,89.04965070589328,99.71593876799999,0
nofire_0593.jpg,94.710496,108.39856,80.608464,55.30557175759042,57.6400668799612,101.13775792,0
nofire_0594.jpg,69.004544,116.723296,88.923536,35.286436761907034,42.97040147469399,99.286216512,0
nofire_0595.jpg,102.694416,94.743248,79.011648,62.077928657606996,56.184230798423286,95.327244832,0
nofire_0596.jpg,73.37464,103.295504,68.029968,47.39347985609835,49.2942332264737,90.32889456000001,0
nofire_0597.jpg,46.145824,79.582336,80.03688,31.21019499075621,33.804527814822436,69.636636928,0
nofire_0598.jpg,61.347824,90.880848,106.684016,42.02786307278808,38.51207263704325,83.852034976,0
nofire_0599.jpg,121.305856,134.9956,83.0048,71.04598187165313,67.69863145322806,124.975415344,0
nofire_0600.jpg,58.38864,102.594928,119.984864,32.09303972749232,29.53879396107458,91.35970059200001,0
nofire_0601.jpg,96.662736,115.735248,103.148544,92.6356066153523,80.94521230053383,108.59768265599999,0
nofire_0602.jpg,94.07848,120.844608,99.831616,43.88988440278238,43.399769738171834,110.44605463999999,0
nofire_0603.jpg,184.528656,154.048032,84.917152,57.4281594588723,52.058873104658886,155.28081825599998,0
nofire_0604.jpg,130.24664,145.657904,159.386464,85.31444061066333,83.87863123779968,142.614991904,0
nofire_0605.jpg,113.508576,113.777824,91.863184,70.92695695186862,70.68041956457972,111.19904988799998,0
nofire_0606.jpg,98.46136,109.014304,94.65784,53.025883443375086,58.354845449162006,104.22233684799998,0
nofire_0607.jpg,83.70064,105.168736,109.561904,40.2026070745468,50.116525100632266,99.250596448,0
nofire_0608.jpg,76.646336,108.9936,98.231264,47.602813464910916,55.89901429399269,98.09486176,0
nofire_0609.jpg,87.890448,114.833104,132.9636,64.61471001528442,57.21991431071165,108.84412640000001,0
nofire_0610.jpg,65.503344,86.131488,65.988912,41.121574347508435,35.2562771560733,77.66741928,0
nofire_0611.jpg,92.771872,112.214736,74.316112,40.179711766208776,35.902096880966496,102.08087652799999,0
nofire_0612.jpg,126.943088,137.54192,120.370496,68.20887385834966,68.60618061598824,132.415326896,0
nofire_0613.jpg,76.25336,99.255456,88.57496,54.12401715237331,46.737700309622255,91.160252752,0
nofire_0614.jpg,92.001408,135.898224,135.078832,30.670816324603035,28.38749798143232,122.679665328,0
nofire_0615.jpg,144.08624,170.072976,123.759904,64.47990982207094,61.98810855723398,157.023251728,0
nofire_0616.jpg,134.956288,129.871024,100.0428,67.91603693724373,66.15451649881075,127.99110040000001,0
nofire_0617.jpg,119.367344,123.540976,133.562144,68.00898612967013,65.77947668511376,123.435473184,0
nofire_0618.jpg,90.336832,120.248976,117.957968,53.43528197926699,56.46122927240801,111.044070032,0
nofire_0619.jpg,120.404144,123.914784,130.971392,75.91914970300486,76.52388658604151,123.669555952,0
nofire_0620.jpg,125.90768,140.392032,130.9188,85.73153364438082,85.12389205687776,134.981262304,0
nofire_0621.jpg,76.083024,77.505872,77.049872,73.48020383079667,75.08071335249562,77.02845644799999,0
nofire_0622.jpg,94.987968,119.719696,114.317856,78.76334690216622,89.0844053112978,111.70909956799998,0
nofire_0623.jpg,158.461472,160.785248,125.8568,41.23432283417803,46.86234438841591,156.108595904,0
nofire_0624.jpg,116.080224,133.986144,126.76464,52.471248318577516,74.76042974736879,127.809022464,0
nofire_0625.jpg,127.059232,123.18624,124.62496,69.57649059538844,59.95093035693775,124.50827868799998,0
nofire_0626.jpg,62.6496,72.723728,36.364544,37.575503560697626,45.24826319077911,65.566616752,0
nofire_0627.jpg,91.875424,106.102528,105.443072,70.62733046647185,70.71714779322775,101.77344591999999,0
nofire_0628.jpg,103.293216,128.638016,137.631328,56.16569123920175,56.78715551587123,122.085158368,0
nofire_0629.jpg,110.394416,107.482368,48.102544,50.485877669096176,39.77663667421589,101.58377041599998,0
nofire_0630.jpg,113.03304,124.237456,131.64744,61.833608825285296,63.23865867211341,121.732073792,0
nofire_0631.jpg,129.283808,145.1316,87.976704,69.29800710712492,69.0140060671745,133.87745204799998,0
nofire_0632.jpg,110.595856,115.0964,126.478336,80.8045791501154,80.69557491610057,115.04827804799999,0
nofire_0633.jpg,113.533328,103.98928,91.770336,64.88614589605716,67.51543525062695,105.449990736,0
nofire_0634.jpg,84.403216,93.71112,90.93856,62.901739950953214,58.895032764619465,90.611984864,0
nofire_0635.jpg,113.431088,117.781968,109.502048,66.26846250771369,67.48399014615967,115.53714399999998,0
nofire_0636.jpg,103.962464,117.056272,115.98536,56.942922993544194,55.59357474980374,113.01913944,0
nofire_0637.jpg,92.260272,86.058992,82.857584,57.021157779249066,65.55868204855811,87.548214208,0
nofire_0638.jpg,97.757696,111.751504,101.403904,49.054202600506954,50.765351586864675,106.38772900800001,0
nofire_0639.jpg,67.687952,85.682816,86.8324,45.173383513366545,44.11407614707741,80.43340423999997,0
nofire_0640.jpg,85.554656,90.247728,90.466912,67.62165171542074,64.75127889731611,88.869486448,0
nofire_0641.jpg,113.283872,130.688816,90.044928,48.547229217408656,50.44240577647089,120.851334512,0
nofire_0642.jpg,117.997968,124.293664,127.421968,63.658813151605145,65.34296156017956,122.76787755199999,0
nofire_0643.jpg,82.542752,102.461424,96.833488,46.834841520672356,51.008302695661456,95.864156368,0
nofire_0644.jpg,111.66344,124.83,116.998528,50.488687914882476,52.23937193343733,120.000410752,0
nofire_0645.jpg,92.357456,140.021808,159.40224,51.606701437003935,41.384500533546806,127.97953599999998,0
nofire_0646.jpg,117.098544,123.470304,117.602016,95.5081403079343,88.65438095293196,120.89616292800001,0
nofire_0647.jpg,127.258528,141.645312,112.481472,80.9649499183024,74.83459085491585,134.018985824,0
nofire_0648.jpg,68.363664,98.191392,85.71504,56.44583092217798,55.47736786386261,87.85059720000001,0
nofire_0649.jpg,80.944256,103.556544,96.913584,91.65838259868251,77.25327914578166,96.038172448,0
nofire_0650.jpg,122.486976,126.820368,129.407136,91.9863233658973,86.45164644091273,125.81957534399999,0
nofire_0651.jpg,134.643648,163.014496,142.711312,56.97947803597446,57.18375753538748,152.217049472,0
nofire_0652.jpg,146.176176,133.052336,96.986176,44.77831423822277,40.06490650111521,132.86482192,0
nofire_0653.jpg,120.461136,132.962192,130.486352,49.16688261004052,45.193927673473304,128.942130496,0
nofire_0654.jpg,70.603072,62.502256,41.802976,43.91162634386042,38.3191750812888,62.564682064,0
nofire_0655.jpg,69.509392,78.981472,72.197616,81.13481279814687,75.78029301020956,75.37596049599999,0
nofire_0656.jpg,68.885728,104.347664,89.290448,45.05767998809988,61.572065693324795,92.02802251199999,0
nofire_0657.jpg,99.720992,140.66352,96.461184,44.77065765136733,43.92451339752781,123.38263782399999,0
nofire_0658.jpg,109.604416,116.160256,87.431024,65.55976468306567,58.92362607659566,110.92492739199999,0
nofire_0659.jpg,128.4488,118.187104,78.261408,47.09010990176175,52.31977981694097,116.70382176,0
nofire_0660.jpg,85.34016,104.318816,92.034368,66.92021090204662,73.72789814146437,97.243770784,0
nofire_0661.jpg,77.312128,89.033056,85.264176,49.258663401594816,46.41504785412662,85.098846208,0
nofire_0662.jpg,110.116112,121.566864,101.214448,53.752498341969705,57.55521642045579,115.82291372799999,0
nofire_0663.jpg,98.354832,116.745664,104.790672,57.570694196368486,58.70824474636508,109.88393614399999,0
nofire_0664.jpg,87.278672,107.146528,64.160048,57.49737849603594,60.1020364508992,96.30558033599999,0
nofire_0665.jpg,85.540464,96.336128,58.052048,62.18098496055449,64.6625802916,88.743839344,0
nofire_0666.jpg,49.824128,74.542496,57.898656,41.493712066283194,36.13533497962879,65.254306208,0
nofire_0667.jpg,98.975072,114.199808,122.177872,77.70521291776258,68.25120245653652,110.557111232,0
nofire_0668.jpg,90.336704,71.750048,67.972784,46.771675941924336,55.976211411613924,76.876850048,0
nofire_0669.jpg,49.477344,70.130784,75.13536,45.80452849561563,47.594574644021606,64.52592710399999,0
nofire_0670.jpg,111.923856,127.608912,76.232496,61.68098399094541,60.65107677672554,117.062168832,0
nofire_0671.jpg,77.652624,102.797296,124.759984,42.73520686640728,46.799315711753565,97.78278550399999,0
nofire_0672.jpg,108.480448,111.246336,102.031872,62.3550118732993,59.39176554519241,109.368886592,0
nofire_0673.jpg,127.543024,124.746016,80.50472,39.62065144511665,44.66441093452083,120.53881364799999,0
nofire_0674.jpg,119.76536,127.846464,99.182448,33.12246850810489,50.01262187385005,122.16251607999999,0
nofire_0675.jpg,121.565104,130.242912,103.128784,81.07367790762414,80.58817025941373,124.55723681599999,0
nofire_0676.jpg,109.539648,127.424848,102.931728,43.99475582425814,41.08500300811594,119.28495752,0
nofire_0677.jpg,112.4744,107.840176,96.324448,68.87751819454589,63.91165183508422,107.913015984,0
nofire_0678.jpg,47.95376,81.958544,100.240224,51.500982882488756,57.21584250362887,73.87522510400001,0
nofire_0679.jpg,59.765024,88.751312,118.07248,53.27797731032424,65.94998464198953,83.42702503999999,0
nofire_0680.jpg,52.188752,112.052864,131.414896,55.582836241797665,73.01348251793982,96.36076616,0
nofire_0681.jpg,117.13384,138.945568,107.866016,46.5982796984438,48.96480708792159,128.88079240000002,0
nofire_0682.jpg,148.208928,159.797536,74.082896,51.9390519463998,39.62190546059974,146.56107324799999,0
nofire_0683.jpg,93.005232,111.062864,126.189088,34.30250586511394,39.39369492847179,107.38802156799998,0
nofire_0684.jpg,103.80072,137.941808,102.910624,96.5218737462219,59.58060830245975,123.74006771199998,0
nofire_0685.jpg,53.816912,67.525184,71.72976,23.63231683065069,27.751954269314872,63.90573233599999,0
nofire_0686.jpg,123.914512,136.537024,138.506576,21.852866626643195,46.51747668590187,132.98742184,0
nofire_0687.jpg,128.253648,115.955344,113.010096,83.36382197747471,85.17321009473379,119.296778624,0
nofire_0688.jpg,94.037648,98.034144,117.473312,75.33757122862467,79.17875059753888,99.05525684799998,0
nofire_0689.jpg,43.189968,46.97104,32.838048,39.897752018866626,44.94395898581254,44.229338383999995,0
nofire_0690.jpg,107.188976,88.996448,70.183376,76.07675797555666,63.530160297163555,92.291323664,0
nofire_0691.jpg,129.559632,140.46592,111.220944,62.84596442115099,66.29178150082859,133.87101262399997,0
nofire_0692.jpg,162.370032,149.6576,146.154416,62.82466512699432,65.92581365626063,153.059254192,0
nofire_0693.jpg,112.874416,109.51616,92.44096,56.719550250852166,55.02364330771273,108.57370574400001,0
nofire_0694.jpg,107.721392,96.406512,45.438608,52.43796328598525,45.4671166888099,93.97932006399999,0
nofire_0695.jpg,169.557712,172.086592,165.643552,83.4996778755766,79.14357033787101,170.59595032,0
nofire_0696.jpg,121.829472,130.06176,139.576096,33.64182076227766,51.046350013516154,128.684940192,0
nofire_0697.jpg,141.91152,151.56048,144.790912,71.81479120132286,81.94678745484535,147.903710208,0
nofire_0698.jpg,123.32408,132.354048,116.63504,89.21826420724403,83.81581326941651,127.862120656,0
nofire_0699.jpg,65.031456,73.453312,69.944992,58.97098651472658,69.9165702550594,70.53522857600001,0
nofire_0700.jpg,143.617376,126.86896,96.675808,47.98108292728108,56.153291163727886,128.43471705599998,0
nofire_0701.jpg,148.034384,153.187952,131.05336,70.2968281627311,64.52090354331452,149.12369168,0
nofire_0702.jpg,120.91352,127.703376,56.95368,78.65151650928036,57.121497723734656,117.607743712,0
nofire_0703.jpg,60.559088,101.186848,67.728368,42.93425649301797,54.85147509251593,85.22488103999999,0
nofire_0704.jpg,50.978816,65.855648,59.086304,40.623294982536116,44.850507182194676,60.635770015999995,0
nofire_0705.jpg,106.877648,115.152208,114.483328,80.35606415192382,81.5383273848853,112.60186223999997,0
nofire_0706.jpg,54.880208,88.33368,117.864048,44.622334877017984,48.339587106817525,81.697553824,0
nofire_0707.jpg,78.151056,90.073536,71.449632,40.299048302470666,31.909034213788168,84.38558942399999,0
nofire_0708.jpg,94.58336,111.908992,70.372208,43.73293032841957,40.88988850001839,101.99343465599999,0
nofire_0709.jpg,63.537264,87.384576,110.913648,59.594413726408156,63.79669738552478,82.93654392,0
nofire_0710.jpg,87.0252,99.430048,67.673936,71.4779224443464,74.05506828514639,92.10080168,0
nofire_0711.jpg,56.952032,58.317216,54.175168,51.394920868418275,53.821909126389635,57.436832511999995,0
nofire_0712.jpg,96.798448,132.139456,147.88816,53.8240674864999,42.6909452697415,123.36784686399999,0
nofire_0713.jpg,111.419712,117.27488,88.539504,65.82467380729703,62.88553557842693,112.24835190399999,0
nofire_0714.jpg,27.464688,56.470336,60.524448,38.13140879986807,38.798082427448705,48.259816015999995,0
nofire_0715.jpg,68.111456,90.407904,130.626528,35.69499093094245,38.87802852932211,88.326189184,0
nofire_0716.jpg,88.78464,87.601088,45.828368,51.31575684008178,52.73169617238057,83.192879968,0
nofire_0717.jpg,69.61784,73.199776,76.085552,62.89505253781413,65.33509655269383,72.4577556,0
nofire_0718.jpg,85.587904,88.969888,73.99552,54.687847872144175,58.97023511287246,86.25159683199999,0
nofire_0719.jpg,119.14472,120.36824,115.902096,85.17662702949443,84.92661754304359,119.49326710399997,0
nofire_0720.jpg,57.10008,66.378384,68.4532,50.29046112329454,53.51693213879644,63.840700128,0
nofire_0721.jpg,72.876928,66.306304,70.901712,46.946270110444516,40.27986337935599,68.794797088,0
nofire_0722.jpg,109.126416,121.377904,96.93512,81.06636473282211,86.59441102384602,114.92823171199998,0
nofire_0723.jpg,65.473712,63.359584,63.3956,60.20170945198363,52.854870687070495,63.995814096000004,0
nofire_0724.jpg,101.60504,116.919696,135.577424,62.56788740718677,68.25978680942085,114.46759484799998,0
nofire_0725.jpg,80.169632,90.068096,106.292176,65.34017270396961,62.38930603023874,88.958000384,0
nofire_0726.jpg,91.467312,105.640768,66.57304,71.99175999720146,56.87169960859422,96.94918366399999,0
nofire_0727.jpg,94.906992,108.807872,115.148144,60.35123545969822,67.72291581755482,105.374299888,0
nofire_0728.jpg,110.239696,108.842576,96.321616,52.87482911393269,47.497317163016945,107.83292543999998,0
nofire_0729.jpg,84.29744,93.947232,98.7344,68.26562128514176,65.41500622592783,91.60768134399999,0
nofire_0730.jpg,56.329696,57.601312,26.88424,53.66888324297035,52.351426569661456,53.719352607999994,0
nofire_0731.jpg,128.92904,152.628512,179.14992,65.0087356951233,69.64817146677905,148.565810384,0
nofire_0732.jpg,112.06344,132.340352,134.252448,29.09692312541654,37.97015291668043,126.49553425599998,0
nofire_0733.jpg,112.17664,114.802768,106.953232,52.642247352391784,48.91892357297098,113.122708624,0
nofire_0734.jpg,120.95328,137.640768,136.47648,41.02421169555364,47.59066303772386,132.518480256,0
nofire_0735.jpg,108.356016,114.319008,108.048064,34.73611775382712,41.42648305004826,111.821185776,0
nofire_0736.jpg,119.762784,116.913312,107.232704,60.00461809368796,54.53356578466748,116.661714816,0
nofire_0737.jpg,68.55584,92.879136,96.0144,72.95905461212062,76.99266780605477,85.963890592,0
nofire_0738.jpg,76.614944,92.432208,87.027088,81.92129952507385,78.56446441136562,87.086662384,0
nofire_0739.jpg,141.09112,129.417696,115.568832,69.76579724439189,74.60703984244104,131.32927927999998,0
nofire_0740.jpg,85.162384,103.962992,77.980848,49.79851836587655,49.13706045753995,95.37964579199999,0
nofire_0741.jpg,68.196384,85.222256,92.42232,50.21442208494034,54.59911935434915,80.95232756799999,0
nofire_0742.jpg,115.267424,135.100512,149.060048,52.98063529634412,53.3970196297308,130.761805792,0
nofire_0743.jpg,101.123616,123.199344,122.329536,46.337760833736276,58.12608521111381,116.49954321599999,0
nofire_0744.jpg,122.875056,137.802832,114.76248,78.65031705592078,78.36287848707305,130.712826848,0
nofire_0745.jpg,115.99776,117.172976,87.896144,67.27836760045832,63.4881719952892,113.48402756799999,0
nofire_0746.jpg,62.368096,91.14592,74.207712,53.898199091758,65.73080972689748,80.610394912,0
nofire_0747.jpg,70.16776,119.535632,109.586224,55.51928155679251,69.17761552959581,103.64040576,0
nofire_0748.jpg,119.955472,119.3792,114.253936,64.57975398882544,66.64409002574797,118.96722523199999,0
nofire_0749.jpg,112.421872,113.136592,97.35664,38.331940415476176,40.47287979160287,111.12397619199999,0
nofire_0750.jpg,113.207696,110.91896,93.36848,23.24276572122139,22.366013693065646,109.602537344,0
nofire_0751.jpg,50.14576,64.722928,73.684896,28.85788630552141,32.724851215961486,61.38601912,0
nofire_0752.jpg,107.23328,149.571312,143.530944,84.70392640510593,53.88155085554475,136.22363848,0
nofire_0753.jpg,96.34768,104.58304,83.919904,49.96338802180652,53.00730123632404,99.765069856,0
nofire_0754.jpg,47.949296,52.801792,30.652176,32.68493972924509,36.80005795632306,48.825839472000006,0
nofire_0755.jpg,100.150672,119.374496,61.414656,36.57253135822589,38.441298739064266,107.019150864,0
nofire_0756.jpg,63.789712,74.050448,62.270656,66.70381232701064,65.21019674099516,69.639591648,0
nofire_0757.jpg,84.802288,83.780336,73.480224,57.752841367027614,53.97381042438179,82.91168688,0
nofire_0758.jpg,102.727264,119.31064,67.155888,51.330415925397524,47.01854849727286,108.40656884799999,0
nofire_0759.jpg,52.095552,65.834064,57.820176,78.83385154751286,76.96333278415055,60.81266568000001,0
nofire_0760.jpg,125.889856,132.405536,120.292864,57.54549751543785,59.71633549166177,129.076503072,0
nofire_0761.jpg,126.77145385742188,77.66787719726562,34.44221496582031,62.23506136492724,31.630693130418447,87.42212112426756,0
nofire_0762.jpg,89.81256103515625,42.39140319824219,52.20741271972656,42.78006789002881,33.7234589643152,57.68935447692871,0
nofire_0763.jpg,94.90509033203125,99.46807861328125,56.80607604980469,60.3464446735104,62.08555523247795,93.24027682495117,0
nofire_0764.jpg,123.52281188964844,128.70285034179688,82.17088317871094,39.32081463118826,38.80016742700774,121.8493745880127,0
nofire_0765.jpg,44.88114929199219,38.68931579589844,53.15657043457031,53.12142699264386,49.18971942070443,42.18994104003906,0
nofire_0766.jpg,43.37370300292969,49.67546081542969,27.84307861328125,30.111833445076037,31.834703382924918,45.30234365844727,0
nofire_0767.jpg,46.22172546386719,53.82496643066406,31.956649780273438,39.190849510476966,47.63456172563731,49.05860928344727,0
nofire_0768.jpg,57.51325988769531,62.68562316894531,23.748001098632812,34.46965715467627,34.96596635753822,56.700197631835934,0
nofire_0769.jpg,89.64997863769531,109.33067321777344,94.99092102050781,53.316909784392635,55.022321989024306,101.81141378784179,0
nofire_0770.jpg,193.47984313964844,167.48362731933594,106.35755920410156,50.09303834296235,46.29678410546021,168.28812408447266,0
nofire_0771.jpg,117.99020385742188,131.45840454101562,109.25372314453125,64.94788956252108,60.601842817076154,124.90007885742187,0
nofire_0772.jpg,123.61247253417969,122.6475830078125,92.72804260253906,43.28206596226962,42.16781560756055,119.52525736999512,0
nofire_0773.jpg,86.36734008789062,93.69796752929688,78.26153564453125,58.374477298165566,58.776787491510525,89.74635668945314,0
nofire_0774.jpg,82.22050476074219,85.40126037597656,47.82139587402344,46.333598117782074,48.30806690020918,80.16610989379882,0
nofire_0775.jpg,133.05699157714844,132.83018493652344,94.38275146484375,34.23299774203865,30.42076929451642,128.5149927062988,0
nofire_0776.jpg,84.740864,96.569376,103.783312,70.52881953168864,67.38819768305592,93.855039616,0
nofire_0777.jpg,36.766128,71.646928,46.946032,32.72914163077938,35.91475502022555,58.401666656,0
nofire_0778.jpg,51.048688,66.420816,59.700736,29.168230619608313,25.444781663322324,61.058460608,0
nofire_0779.jpg,133.31089782714844,130.12452697753906,123.713623046875,38.629617943464915,37.22869852528231,130.34640881347656,0
nofire_0780.jpg,114.73451232910156,113.83598327636719,75.56159973144531,41.21786223293776,42.612574936610386,109.74136373901368,0
nofire_0781.jpg,116.02365112304688,123.19415283203125,81.65202331542969,58.31873602565678,54.48379886139751,116.31437005615234,0
nofire_0782.jpg,84.51232,107.743648,92.946752,49.10503803295136,55.02526412160232,99.11063478399998,0
nofire_0783.jpg,118.183472,124.552256,103.411712,50.45210625955289,48.539487979483916,120.23796756799999,0
nofire_0784.jpg,137.113888,145.109232,144.948464,62.90395438701336,63.71919437948173,142.700296592,0
nofire_0785.jpg,115.66151428222656,137.5111846923828,107.22251892089844,62.730183834561544,68.09385552173387,127.52522534179687,0
nofire_0786.jpg,58.708176,64.267696,64.20384,33.82885169131556,37.755910833293164,62.598119935999996,0
nofire_0787.jpg,96.35513305664062,110.79257202148438,99.73054504394531,63.99135300315341,65.41527759046234,105.21470669555663,0
nofire_0788.jpg,142.650544,135.181952,117.39288,48.73524794749754,59.12197464115771,135.3871068,0
nofire_0789.jpg,61.82464,83.345472,71.072144,68.31490520282087,76.70734875549549,75.51158384,0
nofire_0790.jpg,113.00079345703125,101.10887145996094,56.45037841796875,73.47835610919108,62.32944504711383,99.57348793029786,0
nofire_0791.jpg,99.93280029296875,68.08891296386719,28.871551513671875,63.11570699170418,58.67610448202106,73.13945606994628,0
nofire_0792.jpg,129.9569549560547,94.72802734375,67.38006591796875,65.03810828526872,79.79876044506935,102.14380909729003,0
nofire_0793.jpg,115.78654479980469,145.81321716308594,110.12797546386719,56.666817889693796,58.12166050545263,132.7671245727539,0
nofire_0794.jpg,100.94636535644531,99.44210815429688,90.5782470703125,54.57241161102178,40.94570572398738,98.88140089416504,0
nofire_0795.jpg,89.68585205078125,102.37947082519531,102.60894775390625,61.23355047593,60.36957280062639,98.61023918151855,0
nofire_0796.jpg,76.37510681152344,86.70576477050781,60.21185302734375,45.39195817299979,45.36635190023737,80.59659210205078,0
nofire_0797.jpg,148.990478515625,144.81700134277344,99.849609375,55.32266277281788,49.83721430154512,140.93858833312987,0
nofire_0798.jpg,49.81047058105469,72.48931884765625,82.64033508300781,46.73564390266615,54.28481859783722,66.86555906677246,0
nofire_0799.jpg,102.1510009765625,88.00666809082031,58.789581298828125,59.852648257137105,60.642298807294935,88.90507572937011,0
nofire_0800.jpg,126.09042358398438,100.06356811523438,35.21806335449219,64.61080737220631,55.57765733183719,100.45321035766601,0
nofire_0801.jpg,149.67279052734375,123.90074157714844,119.84858703613281,46.78330277806693,52.522814245771016,131.14463859558106,0
nofire_0802.jpg,159.169504,149.246224,118.391264,59.42398118936482,52.171109531443015,148.69581928,0
nofire_0803.jpg,111.832928,117.874144,117.929632,98.38043882269899,96.6878648035381,116.07414604799999,0
nofire_0804.jpg,72.12192,77.082256,84.941744,67.23597405789255,66.33105072249695,76.495097168,0
nofire_0805.jpg,148.143408,161.543344,146.27984,67.20940596483156,63.860581091136844,155.79672368,0
nofire_0806.jpg,95.84959411621094,103.05050659179688,90.37541198730469,53.22948027485205,49.85428853973282,99.45247297668456,0
nofire_0807.jpg,80.22962951660156,113.56753540039062,31.25030517578125,44.648368688671255,54.15829368308287,94.21533729553222,0
nofire_0808.jpg,82.11740112304688,94.77052307128906,83.57560729980469,52.9378284093058,60.72493624303796,89.71101921081542,0
nofire_0809.jpg,84.70814514160156,98.61492919921875,48.397552490234375,54.72822823405752,60.58556379252787,88.73201982116699,0
nofire_0810.jpg,95.34956359863281,114.98074340820312,54.26280212402344,55.50761799088443,62.15388142234851,102.18917533874512,0
nofire_0811.jpg,126.64483642578125,115.60096740722656,89.38493347167969,44.096780494698905,45.39941084200794,115.91445637512206,0
nofire_0812.jpg,108.42440795898438,101.28080749511719,97.881591796875,41.51251243805302,46.7591141246075,103.02923344421387,0
nofire_0813.jpg,63.82269287109375,67.65983581542969,31.621505737304688,55.83748884112205,55.82139575901665,62.40416044616699,0
nofire_0814.jpg,95.54256,119.662608,101.11088,79.12199408916841,80.28649365016719,110.33581665599999,0
nofire_0815.jpg,63.54371643066406,70.16079711914062,68.21617126464844,82.45936469222859,82.28564511114189,67.96060264587402,0
nofire_0816.jpg,104.815392,118.003408,80.336144,73.4306529991824,68.01795836678382,109.76612312,0
nofire_0817.jpg,126.395056,106.63216,93.36632,54.87701838435525,57.8674393224238,111.028960144,0
nofire_0818.jpg,92.0288,73.333856,69.91232,40.82950896790212,37.55336762756789,78.53358915199999,0
nofire_0819.jpg,79.26248168945312,99.15199279785156,72.34713745117188,39.96549773703014,39.86795163412493,90.14927546691894,0
nofire_0820.jpg,94.254704,104.336336,102.83528,68.27210362858598,65.16927483174186,101.150807648,0
nofire_0821.jpg,70.43624877929688,76.1824951171875,38.97798156738281,65.37085317117086,66.6112054692554,70.22305291748046,0
nofire_0822.jpg,169.8546905517578,155.79409790039062,109.68646240234375,65.36097385560231,67.60321557755212,154.74194465637208,0
nofire_0823.jpg,74.775248,81.250592,44.470368,59.240482632558766,57.424380498613445,75.121518608,0
nofire_0824.jpg,126.072128,105.311696,101.853648,56.42412205388415,63.163443459041915,111.12484769599999,0
nofire_0825.jpg,210.022544,206.755824,199.875088,35.824642967768206,46.5244373859698,206.94816937599998,0
nofire_0826.jpg,51.638384,83.472272,89.645296,33.219571127101325,60.83090095632331,74.65766422399999,0
nofire_0827.jpg,124.85824,116.650336,91.026512,50.722833044915774,50.8983891993362,116.18338335999998,0
nofire_0828.jpg,75.347264,106.130208,121.143056,60.57046210583426,65.03142752451876,98.63757241599998,0
nofire_0829.jpg,149.963632,191.676592,115.078544,79.05620768395468,62.262444019372836,170.472239488,0
nofire_0830.jpg,88.696288,127.886672,153.000032,70.73095581865876,79.95768643954385,119.03167022400001,0
nofire_0831.jpg,113.188928,127.37336,142.517616,79.92564676129193,74.76495806399146,124.85866001599999,0
nofire_0832.jpg,93.550384,101.618272,106.267184,79.10839898172976,77.12926424992018,99.735949456,0
nofire_0833.jpg,76.744032,85.199248,78.49976,49.638052020430614,46.974548643222704,81.907396784,0
nofire_0834.jpg,59.394224,89.549728,95.814176,32.2454416536326,38.90268606569495,81.24737937599998,0
nofire_0835.jpg,52.647872,36.84312,26.980752,38.912476635028206,31.70257094725284,40.444430896,0
nofire_0836.jpg,79.07008,97.500992,78.358624,32.55335535384333,31.522943755555822,89.80791936,0
nofire_0837.jpg,99.022448,91.754096,70.758944,88.23342455151163,87.35429191071715,91.53388591999999,0
nofire_0838.jpg,80.905024,76.71696,88.516464,93.66747979720296,66.28167034979128,79.314334592,0
nofire_0839.jpg,37.07808,47.090576,17.580304,23.560973483996793,25.98027074509086,40.732668688,0
nofire_0840.jpg,78.807552,102.17448,85.549904,94.21639511129312,68.69153919319031,93.29256686400001,0
nofire_0841.jpg,120.468656,118.30112,120.227568,61.247814732883846,53.021395971302,119.16882833599999,0
nofire_0842.jpg,87.864528,99.356096,100.466224,45.26169735369207,57.601310363903906,96.04667176,0
nofire_0843.jpg,126.66067504882812,143.03945922851562,154.14178466796875,54.93052948066977,64.40256965657252,139.4078678588867,0
nofire_0844.jpg,87.138496,102.765136,100.933296,57.115712609210995,59.93485549245535,97.88394088,0
nofire_0845.jpg,134.082896,129.134144,80.885088,70.0309366512628,57.36716933392535,125.11342846399998,0
nofire_0846.jpg,111.2064,140.649104,103.213216,46.96975800491205,43.49904890911046,127.57804427199999,0
nofire_0847.jpg,183.771472,150.985376,94.600576,63.3385522960007,50.33350067438807,154.36055150399997,0
nofire_0848.jpg,124.381184,134.04912,110.207088,66.30839858387581,80.6224311418702,128.44041548799999,0
nofire_0849.jpg,105.47472,112.774672,88.991472,54.59043096479089,67.25945675733945,107.88070155199999,0
nofire_0850.jpg,95.911776,120.44056,112.741664,61.09025762366552,68.00269949705232,112.22877944,0
nofire_0851.jpg,137.509968,137.509968,137.509968,56.33196191008241,56.33196191008241,137.509968,0
nofire_0852.jpg,85.495968,87.468,86.40408,48.305935367643755,47.48310807013374,86.75707555199999,0
nofire_0853.jpg,73.268944,57.022768,47.658064,58.795082831176146,41.65709209268184,60.812798368,0
nofire_0854.jpg,189.638288,195.237504,203.138848,53.601834860656176,49.23066466999998,194.464091632,0
nofire_0855.jpg,90.104656,107.982608,119.07656,64.45056951743454,60.64188204136096,103.90181088,0
nofire_0856.jpg,113.222848,68.788112,15.016384,61.38553499619349,35.40942495262322,75.944121072,0
nofire_0857.jpg,57.6176,69.508992,76.592672,71.05947082718812,63.307778219930725,66.761005312,0
nofire_0858.jpg,75.755088,96.467744,108.595584,47.18812530830459,44.96338349758016,91.657233616,0
nofire_0859.jpg,114.735776,146.213568,184.556768,71.89146426160636,58.60305811738306,141.172832992,0
nofire_0860.jpg,105.035632,108.389168,96.259888,63.526976902419776,59.74215975563468,106.00372281599999,0
nofire_0861.jpg,87.090384,98.54208,109.016416,47.130209831195785,49.70767253929316,96.31209719999998,0
nofire_0862.jpg,103.223456,104.426496,106.349984,37.59832192287395,38.1695848177837,104.286064672,0
nofire_0863.jpg,106.15592,89.836592,68.905632,71.3535216296547,66.97328471730752,92.329941632,0
nofire_0864.jpg,101.189808,131.604448,148.341616,49.30418096797812,62.442550257138734,124.418507792,0
nofire_0865.jpg,97.598384,110.015264,117.747792,57.27946005845851,54.025615470906985,107.184125072,0
nofire_0866.jpg,73.313264,101.029856,125.899344,40.289031679432355,63.11972399036029,95.577716624,0
nofire_0867.jpg,141.938448,144.228912,138.75248,67.99734020791766,61.544680349289784,142.919750016,0
nofire_0868.jpg,106.574768,105.828016,96.23656,75.07625431350564,75.14161332779423,104.95786886399999,0
nofire_0869.jpg,74.714992,83.689104,93.272416,31.643476459452682,42.07199923556264,82.09834208,0
nofire_0870.jpg,131.175184,129.841056,90.74616,74.58581386943595,73.03620242595356,125.78314212800001,0
nofire_0871.jpg,98.391136,110.80976,109.1136,97.51717750545032,93.05990776237854,106.903229184,0
nofire_0872.jpg,35.748912,60.557968,57.95376,40.93207186078242,34.2704049539975,52.843180544,0
nofire_0873.jpg,64.471232,75.38392,49.863488,40.30442581655488,41.34545485822595,69.21169703999999,0
nofire_0874.jpg,123.591616,127.905488,131.172272,86.10398795937704,90.41017984431762,126.988053648,0
nofire_0875.jpg,82.268752,100.580624,113.921824,53.569157211612875,52.71019646871584,96.626271072,0
nofire_0876.jpg,96.154288,120.193008,134.284624,43.34614413316432,61.04859844346908,114.61187494400001,0
nofire_0877.jpg,142.144256,157.41272,155.282288,74.15752459600081,70.71444060587342,152.604580016,0
nofire_0878.jpg,102.74424,137.110384,136.976608,32.29262619890801,43.04504793088915,126.81965648,0
nofire_0879.jpg,101.672688,105.320576,88.904832,48.65403994381819,48.39438296980574,102.35846267199999,0
nofire_0880.jpg,115.222496,129.247504,78.502432,54.237385478376304,46.76442893663926,119.26908839999999,0
nofire_0881.jpg,86.316064,85.57304,89.530192,72.48394321191353,74.96461133867366,86.24631950400001,0
nofire_0882.jpg,110.241632,119.920864,113.7268,75.00046750505344,81.41467863655487,116.320650336,0
nofire_0883.jpg,97.578208,100.818192,97.04184,35.05044700868643,35.599231253654004,99.41893265599998,0
nofire_0884.jpg,94.956272,105.383904,104.279504,77.6794909861156,78.77779287158776,102.140140432,0
nofire_0885.jpg,64.75816,99.1788,96.231232,45.0730687818613,57.641348896083265,88.55100588799999,0
nofire_0886.jpg,105.84272,135.335216,157.768512,58.73012663873287,52.15911500623207,129.07435544,0
nofire_0887.jpg,87.286288,106.622816,59.363008,50.68091150700682,54.09860246097069,95.453576016,0
nofire_0888.jpg,127.98016,109.503552,61.132304,59.91590819118409,48.97434760548931,109.51373552000001,0
nofire_0889.jpg,85.282048,85.224304,66.930368,36.99093165798472,34.77304990528705,83.156060752,0
nofire_0890.jpg,47.990032,73.3288,68.671728,43.89899876579164,45.37673926760274,65.22160216,0
nofire_0891.jpg,106.107296,108.764048,49.587136,48.49412013397484,52.146189799962336,101.22351118399999,0
nofire_0892.jpg,56.925696,78.773968,139.65512,57.99136058858754,46.60245278453674,79.181786,0
nofire_0893.jpg,107.824784,108.462016,83.802608,60.5983118193349,63.777968964335514,105.46031112,0
nofire_0894.jpg,107.893664,124.197792,129.727552,46.14447386908972,48.07254566095638,119.953250368,0
nofire_0895.jpg,116.304304,137.64096,140.752144,47.90215919011985,58.90293128765664,131.61597483199998,0
nofire_0896.jpg,127.622352,133.526448,135.063856,58.723701977890464,56.908290472507574,131.93638780799998,0
nofire_0897.jpg,30.701792,47.188224,58.337584,44.30001029332539,55.009638971055104,43.529807872,0
nofire_0898.jpg,86.793296,87.480528,76.205712,77.90266486748952,69.86186133249826,85.989716608,0
nofire_0899.jpg,44.027191162109375,56.530487060546875,72.16148376464844,59.7627712688468,58.57281150449492,54.57393521118164,0
nofire_0900.jpg,97.82824,106.505728,89.131456,67.07031333237083,65.28445780727613,101.93049208,0
nofire_0901.jpg,100.913856,141.237216,119.305728,65.37042954739752,52.84427099099148,126.68034172799999,0
nofire_0902.jpg,102.21528,128.94736,169.711872,62.57868217309789,56.217124908967016,125.60162244799999,0
nofire_0903.jpg,146.221696,154.614704,119.142032,42.56833079747882,40.62579686593709,148.06131,0
nofire_0904.jpg,77.5468,93.716944,119.052832,43.51094356320028,44.16173465004363,91.770362176,0
nofire_0905.jpg,113.259424,124.204944,135.470016,55.1300292326081,61.643280363368596,122.216451728,0
nofire_0906.jpg,139.743888,145.089488,144.264848,66.50158631674476,62.30027396326485,143.39714464,0
nofire_0907.jpg,77.144896,78.866976,57.382624,49.683977589854706,45.8522399083777,75.90285795199999,0
nofire_0908.jpg,96.70878601074219,123.59513854980469,130.68771362304688,60.4135883205347,63.87609800360465,116.36467269897462,0
nofire_0909.jpg,133.3367156982422,144.09762573242188,93.06707763671875,58.608922605179536,60.2794008045455,135.062631149292,0
nofire_0910.jpg,64.79716491699219,85.70828247070312,72.24574279785156,41.638847492484025,40.35116675754991,77.92112879943846,0
nofire_0911.jpg,94.99441528320312,121.73713684082031,100.6243896484375,44.23255049732536,43.68564719119149,111.33420991516114,0
nofire_0912.jpg,93.84820556640625,99.11442565917969,105.90145874023438,43.593710438520674,28.07316809257325,98.31354762268066,0
nofire_0913.jpg,85.448496,87.726992,79.52848,80.31742776843632,81.20734751629273,86.11109132800001,0
nofire_0914.jpg,85.21157836914062,121.93026733398438,112.13075256347656,69.95775051349325,65.15921818143191,109.83423464965821,0
nofire_0915.jpg,99.38505554199219,96.41796875,75.77133178710938,41.86892922620445,37.80603133428611,94.95141108703612,0
nofire_0916.jpg,45.952688,109.403968,139.258896,56.81544678672039,53.850826343288134,93.835497072,0
nofire_0917.jpg,110.60687255859375,113.72314453125,101.70669555664062,63.35026636040257,62.71945805665509,111.42150402832031,0
nofire_0918.jpg,58.739152,73.158784,77.515904,57.361101299756236,61.77328383404385,69.34402571200002,0
nofire_0919.jpg,106.65536499023438,118.56645202636719,122.90098571777344,66.3624871967187,67.9231789355893,115.4991738433838,0
nofire_0920.jpg,106.70954895019531,136.2079620361328,136.65325927734375,53.787957315526725,45.934169051318236,127.43870040893553,0
nofire_0921.jpg,59.104304,82.693728,96.430016,56.28189777073605,56.382922143695396,77.206427056,0
nofire_0922.jpg,71.94696,108.354912,127.645504,43.85847770680601,53.38554700920705,99.66806184000001,0
nofire_0923.jpg,88.631184,108.817872,86.830304,59.59528940074159,57.344297130504756,100.275469536,0
nofire_0924.jpg,68.066784,69.060752,59.733824,31.716576169210697,30.663961994407966,67.70028577599999,0
nofire_0925.jpg,68.82695007324219,91.56077575683594,72.7213134765625,42.82864880639182,41.9631938296587,82.61566317749023,0
nofire_0926.jpg,95.63664,107.496304,121.3996,46.45678526878931,46.79868581850973,105.53524020799999,0
nofire_0927.jpg,71.118544,101.897936,78.135824,41.49090323577042,53.93327076063442,89.98601702399999,0
nofire_0928.jpg,167.20213317871094,168.22802734375,137.9208221435547,53.4766488628351,50.873129974319625,164.46626359558104,0
nofire_0929.jpg,121.85806274414062,148.97654724121094,89.64152526855469,39.65886748967305,34.9806746297311,134.1039278717041,0
nofire_0930.jpg,128.6337127685547,140.59454345703125,103.75283813476562,80.66197979633934,92.57291439456512,132.81830067443846,0
nofire_0931.jpg,150.5182342529297,81.76469421386719,61.614593505859375,75.0670704549068,88.87060745046007,100.02489120483399,0
nofire_0932.jpg,164.34423828125,154.40670776367188,133.2301025390625,81.91627396130141,87.65878115873174,154.96389639282228,0
nofire_0933.jpg,113.256103515625,120.05305480957031,130.1260528564453,40.02186245623568,44.81240815407117,119.1690881500244,0
nofire_0934.jpg,64.423184,62.032144,40.661392,34.43824065340946,28.02520192189994,60.310799231999994,0
nofire_0935.jpg,119.260432,116.137568,105.883904,41.104636030177616,43.40831205017509,115.90238664,0
nofire_0936.jpg,92.619384765625,83.29359436035156,81.67955017089844,72.95433203858222,54.09035786937012,85.89800465393066,0
nofire_0937.jpg,107.48039245605469,105.63056945800781,126.4332275390625,53.08273462392076,55.84625456667977,108.55516955566407,0
nofire_0938.jpg,81.93678283691406,64.26698303222656,70.17181396484375,61.44745942134111,62.28179776412529,70.22340390014648,0
nofire_0939.jpg,111.78623962402344,133.99038696289062,119.7796630859375,56.280894894360564,55.06538775922578,125.73132438659667,0
nofire_0940.jpg,134.3124237060547,133.35470581054688,111.91026306152344,85.95029238281037,86.56075684559659,131.19639698791502,0
nofire_0941.jpg,91.606848,88.598176,74.844608,81.09113721921094,57.14790391145615,87.929862176,0
nofire_0942.jpg,130.95947265625,118.66853332519531,116.74687194824219,66.10612052240465,70.5195097799484,122.124454788208,0
nofire_0943.jpg,115.25619506835938,118.57734680175781,128.8153839111328,51.74742591608267,51.898785893208085,118.75145866394041,0
nofire_0944.jpg,84.86836242675781,81.78398132324219,76.23031616210938,62.298580882490114,66.82033200425474,82.07309344482422,0
nofire_0945.jpg,84.919552,106.002208,111.110624,56.7908098913838,60.9048062071027,100.28085328,0
nofire_0946.jpg,100.77046203613281,110.20970153808594,100.87557983398438,55.35983117662299,53.88171529980011,106.32327905273438,0
nofire_0947.jpg,68.09788513183594,134.0023956298828,108.20162963867188,56.7345940694785,71.45762420231229,111.35565966796875,0
nofire_0948.jpg,79.41,98.0532,82.78552,59.81772723867064,68.18386320648017,90.73836768,0
nofire_0949.jpg,89.070224,96.624432,90.041904,74.12191587236413,73.42990358619147,93.615315616,0
nofire_0950.jpg,115.301216,123.853344,89.59792,58.19208926410311,55.73130046946387,117.391139392,0
